FECHA;DIA;Co01TMax;Co01HTMax;Co01TMin;Co01HTMin;Co01TMed;Co01HumMax;Co01HumMin;Co01HumMed;Co01VelViento;Co01VelVientoMax;Co01DirViento;Co01Rad;Co01Precip;Co01ETo
30/04/26;120;23.4;14:34;7.0;3:08;15.2;97.9;31.4;69.3;0.7;4.3;215.9;22.5;0.2;3.7
29/04/26;119;19.2;16:12;11.4;23:56;15.7;94.1;66.0;84.7;1.6;5.7;180.0;11.3;0.0;2.3
28/04/26;118;24.9;13:12;10.8;5:28;17.8;97.3;40.6;75.3;1.2;5.3;176.2;17.7;0.0;3.6
27/04/26;117;25.8;15:20;8.4;4:38;17.9;97.5;29.2;67.4;1.2;5.2;142.5;22.6;0.2;4.3
26/04/26;116;25.0;14:56;11.0;--:--;17.4;98.1;33.9;71.3;1.2;6.2;147.9;22.7;0.0;4.2
25/04/26;115;22.1;16:54;13.0;5:34;16.2;98.0;46.4;83.5;1.1;5.8;135.5;13.5;6.6;2.8
24/04/26;114;21.8;16:00;13.1;23:54;16.7;97.6;48.9;72.5;1.0;5.7;221.7;9.7;12.8;2.3
23/04/26;113;27.3;13:06;8.4;5:48;18.0;96.2;29.2;64.3;0.9;4.3;223.0;18.0;0.0;3.7
22/04/26;112;25.8;15:54;8.7;5:24;17.1;95.5;28.9;64.6;1.0;4.5;175.5;21.3;0.0;4.0
21/04/26;111;26.6;16:12;9.2;3:38;17.9;89.9;23.0;55.0;2.3;11.6;156.1;12.3;0.0;4.4
20/04/26;110;28.4;14:52;7.0;5:28;17.9;92.4;19.0;55.3;0.8;5.3;168.5;21.0;0.0;4.1
19/04/26;109;27.8;13:56;7.0;5:34;18.0;85.9;19.0;51.4;0.9;5.5;179.0;21.5;0.0;4.2
18/04/26;108;28.4;15:38;8.2;5:54;18.6;88.7;14.9;50.2;1.2;6.5;154.3;21.1;0.0;4.6
17/04/26;107;27.7;14:38;7.9;5:22;17.9;94.8;26.1;61.0;0.8;4.7;163.5;19.4;0.0;3.8
16/04/26;106;27.4;15:16;5.5;5:34;16.8;96.2;27.1;62.0;0.9;5.4;163.8;19.7;0.0;3.8
15/04/26;105;24.8;16:48;5.4;5:34;15.2;96.3;30.3;66.1;0.8;3.3;264.8;21.0;0.0;3.6
14/04/26;104;21.0;15:12;3.4;5:58;12.5;96.5;34.2;69.2;1.2;5.2;291.1;20.5;0.0;3.4
13/04/26;103;16.4;14:00;5.4;5:46;10.7;87.2;29.9;56.3;4.7;10.9;314.9;18.8;0.0;4.1
12/04/26;102;18.1;14:38;7.6;6:40;12.7;88.0;24.6;60.5;4.5;11.7;303.3;16.8;0.0;4.4
11/04/26;101;22.8;15:28;10.6;7:16;16.3;95.0;37.1;71.9;1.7;7.7;304.3;11.3;1.2;3.0
10/04/26;100;27.4;14:18;7.9;6:14;17.9;96.6;23.3;61.7;2.1;12.9;145.5;16.0;0.0;4.6
09/04/26;99;25.2;16:32;8.0;4:32;15.3;97.0;37.6;73.8;1.4;4.5;347.7;17.0;0.0;3.6
08/04/26;98;12.9;15:34;8.4;19:52;10.1;97.0;78.0;92.0;1.6;5.8;149.6;6.4;7.6;1.3
07/04/26;97;22.7;11:58;12.0;23:50;16.4;95.8;33.4;63.2;3.1;9.5;159.8;14.2;9.6;4.0
06/04/26;96;26.3;15:00;5.6;6:08;16.9;84.7;17.6;48.2;1.5;6.9;168.3;20.9;0.0;4.4
05/04/26;95;26.1;15:36;4.1;5:38;15.7;84.6;18.8;47.7;1.1;6.8;143.9;21.9;0.0;4.1
04/04/26;94;25.2;15:16;2.9;5:20;14.6;93.3;21.6;53.5;0.9;5.6;163.7;21.8;0.0;3.7
03/04/26;93;22.2;14:56;1.6;6:12;13.0;89.7;17.2;49.4;1.3;5.0;334.2;21.5;0.0;3.8
02/04/26;92;22.2;15:30;2.8;6:32;12.7;93.2;17.4;54.5;1.5;6.4;289.1;21.6;0.0;3.9
01/04/26;91;21.2;16:16;6.4;23:52;13.8;81.8;26.6;46.5;2.6;8.5;21.5;21.5;0.0;4.4
31/03/26;90;23.6;15:46;5.4;5:44;15.1;87.8;24.5;49.6;2.2;8.0;14.8;21.5;0.0;4.5
30/03/26;89;18.3;16:42;1.5;5:20;9.8;79.6;25.2;43.7;1.9;7.5;32.4;21.1;0.0;3.6
29/03/26;88;15.8;14:16;5.2;6:24;10.5;71.5;26.3;43.4;2.9;9.3;22.7;20.3;0.0;3.8
28/03/26;87;20.1;15:44;1.6;6:10;11.8;95.4;24.4;56.8;1.9;6.3;19.1;20.8;0.0;3.7
27/03/26;86;18.4;16:24;5.2;6:44;11.8;86.5;27.9;46.4;1.7;6.1;24.7;20.8;0.0;3.4
26/03/26;85;21.0;14:06;4.5;6:00;12.8;96.3;20.6;54.9;1.7;6.7;25.3;19.5;0.2;3.6
25/03/26;84;21.5;14:22;3.3;5:58;11.8;97.8;26.7;71.0;0.8;4.9;340.8;17.2;0.0;2.8
24/03/26;83;19.9;15:12;5.2;5:56;12.3;96.6;37.4;74.9;0.9;4.3;129.9;14.7;0.0;2.5
23/03/26;82;21.6;14:40;3.5;5:30;12.2;97.3;30.0;70.9;0.9;5.1;340.3;16.4;0.2;2.7
22/03/26;81;19.2;15:56;7.3;--:--;12.8;96.2;47.2;80.0;0.6;3.7;281.6;12.5;0.0;2.0
21/03/26;80;15.0;11:50;9.1;00:54;11.6;97.1;71.2;90.2;1.6;4.0;100.5;7.6;3.8;1.5
20/03/26;79;15.7;16:00;9.2;23:56;12.2;97.3;58.3;83.4;2.2;9.1;141.5;8.7;7.6;1.9
19/03/26;78;22.1;14:32;4.6;3:10;13.6;97.0;30.8;66.5;1.5;5.9;142.8;15.5;0.0;3.1
18/03/26;77;19.8;13:48;6.3;1:28;12.4;94.1;36.1;66.2;1.5;6.7;166.7;17.5;0.0;2.9
17/03/26;76;22.5;15:08;2.3;4:30;11.9;96.4;17.4;59.5;1.7;7.6;156.9;19.0;0.0;3.8
16/03/26;75;20.8;14:56;3.6;5:24;11.7;91.7;30.2;59.9;1.2;6.2;48.8;17.1;0.0;2.9
15/03/26;74;18.4;14:56;8.6;22:10;12.6;93.5;37.9;73.3;2.3;7.3;335.1;13.2;0.0;2.8
14/03/26;73;15.7;14:38;8.3;00:46;11.8;95.2;52.1;79.1;5.0;12.8;302.4;13.6;0.2;2.8
13/03/26;72;19.9;16:06;2.5;6:44;11.6;97.6;35.7;72.5;1.3;6.5;289.0;14.7;0.0;2.6
12/03/26;71;20.3;15:44;2.6;6:24;11.2;97.2;39.5;75.9;0.8;4.7;261.2;14.9;0.2;2.3
11/03/26;70;17.4;15:38;2.2;7:08;9.7;97.5;48.8;79.8;1.2;5.1;347.5;13.8;0.0;2.1
10/03/26;69;11.0;12:50;2.1;3:50;6.5;97.1;52.2;83.5;1.3;5.1;19.4;8.3;0.2;1.4
09/03/26;68;14.3;13:36;2.5;5:38;6.9;97.8;71.2;91.6;1.7;12.4;235.6;7.5;6.2;1.3
08/03/26;67;14.6;15:38;5.3;23:34;9.6;97.7;58.1;88.7;1.0;6.5;135.5;11.2;8.0;1.6
07/03/26;66;12.6;16:22;7.3;6:12;9.5;96.9;75.4;89.3;0.9;3.9;244.8;4.9;1.6;1.0
06/03/26;65;10.2;--:--;5.8;8:16;7.5;96.5;83.9;91.9;2.0;7.2;293.7;3.7;5.6;0.8
05/03/26;64;16.4;15:40;5.7;1:02;10.2;97.4;52.0;84.0;1.8;6.4;285.4;12.3;0.0;2.0
04/03/26;63;17.5;15:10;6.8;23:58;11.3;96.7;47.8;76.6;1.5;6.9;43.8;7.4;4.8;1.8
03/03/26;62;19.2;13:42;4.9;6:06;12.3;96.3;41.5;69.3;1.8;6.7;40.2;12.3;0.0;2.4
02/03/26;61;18.8;13:36;5.9;4:54;11.7;95.4;40.6;72.3;2.2;9.3;135.8;14.5;0.2;2.7
01/03/26;60;17.2;15:22;3.4;4:32;10.2;97.6;49.8;80.9;1.4;5.7;128.2;12.9;0.0;2.0
28/02/26;59;18.8;15:36;5.9;3:06;11.0;97.9;37.6;79.1;1.3;4.9;293.8;14.5;0.0;2.3
27/02/26;58;21.7;14:10;2.7;7:16;11.6;96.6;29.2;71.1;1.2;7.7;300.7;14.5;0.0;2.5
26/02/26;57;24.1;15:22;2.4;6:26;12.2;96.1;17.5;65.4;0.6;4.6;187.9;14.6;0.0;2.2
25/02/26;56;22.0;13:34;3.9;5:18;12.1;94.7;21.8;65.1;1.2;5.8;164.3;11.8;0.0;2.5
24/02/26;55;22.8;14:40;2.5;6:58;11.9;96.2;23.2;65.9;1.0;4.6;153.8;14.3;0.0;2.5
23/02/26;54;24.0;15:20;1.9;7:10;11.7;97.1;15.9;67.0;1.0;5.0;149.4;15.1;0.2;2.7
22/02/26;53;24.4;14:34;0.6;6:54;11.0;97.1;22.0;70.2;0.5;2.7;196.4;14.7;0.0;2.0
21/02/26;52;23.5;16:34;0.2;7:08;10.2;97.1;16.8;66.1;0.7;4.3;173.9;14.4;0.0;2.2
20/02/26;51;18.0;14:56;0.0;7:12;7.9;97.3;27.4;72.7;1.0;4.6;287.2;14.0;0.2;2.0
19/02/26;50;13.0;15:26;2.5;23:56;8.2;94.1;40.0;74.1;3.0;8.0;306.9;12.6;0.0;2.2
18/02/26;49;14.2;14:54;8.2;7:04;10.6;96.1;56.4;85.2;2.1;8.9;266.6;7.7;0.4;1.6
17/02/26;48;16.9;15:40;9.5;23:48;11.7;96.6;62.3;88.0;1.7;4.9;298.1;9.7;0.2;1.6
16/02/26;47;13.4;13:52;7.8;00:02;10.7;95.6;72.1;87.3;2.5;6.8;292.2;3.9;0.2;1.1
15/02/26;46;13.3;14:40;0.6;6:42;7.3;97.2;58.9;83.4;2.3;9.2;310.2;11.2;0.0;1.6
14/02/26;45;11.8;15:08;2.3;23:48;7.1;89.7;34.2;61.8;6.2;14.8;314.2;13.9;0.0;2.9
13/02/26;44;13.3;2:46;6.8;11:02;10.2;94.9;57.8;82.4;6.0;15.1;270.1;8.2;11.4;2.0
12/02/26;43;15.7;15:54;10.1;7:22;12.4;96.5;53.8;79.6;2.8;8.4;274.9;8.8;1.8;1.9
11/02/26;42;17.4;15:18;12.8;23:58;14.7;96.3;76.5;91.0;2.9;7.8;234.7;5.3;11.8;1.3
10/02/26;41;18.6;13:24;13.3;5:30;15.2;94.7;75.8;88.9;2.7;7.1;256.1;5.8;6.6;1.4
09/02/26;40;15.9;13:10;9.1;00:44;12.8;97.2;78.3;92.5;1.9;5.9;241.3;4.2;7.6;1.0
08/02/26;39;11.4;14:12;6.3;5:38;8.5;93.5;53.9;77.9;3.5;9.1;267.9;8.5;0.8;1.7
07/02/26;38;10.7;15:52;4.2;4:40;7.5;95.5;75.8;88.3;2.8;11.7;208.3;2.1;19.2;0.9
06/02/26;37;12.8;15:02;5.4;23:42;9.0;93.6;52.2;81.3;2.6;10.4;239.4;8.3;2.4;1.6
05/02/26;36;16.2;12:54;9.5;22:34;12.7;97.0;49.8;83.3;4.4;12.5;242.7;6.7;14.4;2.2
04/02/26;35;13.7;15:22;8.4;--:--;11.7;97.0;81.9;92.4;3.4;10.6;254.9;1.9;20.0;0.9
03/02/26;34;11.1;13:40;5.5;5:00;7.6;94.3;58.1;83.4;2.2;7.6;213.9;7.3;8.0;1.3
02/02/26;33;11.3;1:04;5.5;7:26;8.8;95.3;60.3;84.2;3.2;14.2;217.7;7.6;14.0;1.4
01/02/26;32;14.0;15:46;3.9;00:08;9.5;97.0;87.8;93.9;1.8;6.4;167.9;2.4;7.4;0.7
31/01/26;31;12.0;13:06;3.3;23:42;7.9;95.8;53.8;79.4;2.8;8.4;285.3;8.6;0.0;1.5
30/01/26;30;13.1;17:28;4.4;7:02;9.2;97.0;68.6;87.2;2.8;14.7;244.7;3.9;0.8;1.2
29/01/26;29;16.5;14:04;9.9;23:54;13.5;95.2;81.9;90.6;3.6;14.1;254.3;3.2;7.2;1.1
28/01/26;28;14.3;15:02;7.3;2:16;10.7;95.4;54.0;77.7;4.4;14.7;247.1;8.1;17.6;1.9
27/01/26;27;13.9;11:14;6.4;18:22;10.3;94.2;51.3;80.5;4.3;13.0;243.0;5.9;16.2;1.9
26/01/26;26;15.5;15:38;9.8;--:--;12.0;96.7;76.3;90.6;2.1;8.4;238.2;3.9;1.0;1.0
25/01/26;25;12.2;13:44;5.6;--:--;9.2;95.4;80.2;88.0;3.3;9.0;255.5;5.2;5.4;0.9
24/01/26;24;8.7;15:12;1.6;7:52;5.1;89.8;61.0;79.9;3.2;9.9;284.8;7.2;0.0;1.2
23/01/26;23;11.6;13:10;3.0;21:58;7.6;95.8;49.5;82.5;3.0;10.8;262.5;6.5;17.0;1.5
22/01/26;22;10.4;23:34;5.2;6:04;8.0;93.8;65.0;85.1;3.4;9.6;264.1;4.4;4.8;1.2
21/01/26;21;11.6;19:12;-0.2;2:34;6.7;97.5;80.6;93.3;2.7;10.6;191.0;3.1;7.0;0.8
20/01/26;20;11.6;14:20;-2.0;4:48;3.9;97.6;38.7;84.9;1.4;6.6;303.5;8.2;0.2;1.2
19/01/26;19;11.3;13:18;-2.3;6:36;3.9;96.9;45.6;79.2;1.2;5.7;298.0;10.2;0.2;1.1
18/01/26;18;10.1;14:38;0.3;23:42;4.2;97.5;54.3;84.1;1.1;5.1;35.2;7.3;0.0;0.9
17/01/26;17;9.2;15:14;1.8;23:12;5.4;96.5;54.0;84.2;2.0;6.6;275.2;6.8;1.0;1.1
16/01/26;16;13.3;15:02;5.6;21:28;8.3;97.6;52.3;88.3;1.4;5.9;255.8;5.7;11.2;1.1
15/01/26;15;11.9;12:52;1.2;4:32;5.8;98.5;72.1;92.4;1.0;5.0;180.3;5.8;2.0;0.7
14/01/26;14;14.4;14:18;3.2;23:56;8.5;97.6;54.0;88.9;0.8;3.5;249.2;8.1;0.4;0.9
13/01/26;13;11.8;11:20;7.4;7:40;9.6;95.7;49.1;81.5;2.4;8.5;157.4;3.3;7.4;1.3
12/01/26;12;16.3;12:38;-0.7;6:42;6.6;98.1;34.2;78.8;1.3;5.6;153.2;8.7;0.2;1.5
11/01/26;11;14.2;14:46;-1.8;7:38;4.3;98.2;44.9;86.4;0.6;3.2;259.3;9.1;0.2;0.8
10/01/26;10;10.8;13:44;0.4;23:28;5.3;97.3;51.1;84.3;1.3;5.1;294.6;8.3;0.2;1.0
09/01/26;9;12.5;15:02;4.5;23:00;7.6;96.8;59.3;88.4;1.7;8.4;214.6;4.2;0.2;1.0
08/01/26;8;11.2;14:58;2.6;2:22;5.8;97.2;65.7;88.9;1.6;6.7;267.0;7.3;0.2;0.9
07/01/26;7;8.2;13:34;-5.4;6:44;1.8;96.5;50.9;87.6;0.9;5.5;166.2;6.3;0.2;0.7
06/01/26;6;7.9;13:28;-2.7;23:44;1.9;90.7;32.4;66.3;1.9;7.5;326.1;9.6;0.0;1.2
05/01/26;5;9.4;11:08;1.3;23:58;5.6;97.2;69.7;89.8;2.1;6.2;326.8;3.4;0.2;0.8
04/01/26;4;12.8;14:32;6.8;23:56;9.6;97.4;76.1;91.3;0.9;4.3;16.6;3.1;2.4;0.7
03/01/26;3;12.9;14:30;7.4;6:42;10.2;97.2;70.5;88.6;1.4;5.9;129.7;3.7;3.8;0.8
02/01/26;2;16.4;14:10;7.6;2:10;11.0;88.2;50.3;76.0;2.4;5.8;126.7;3.8;0.0;1.7
01/01/26;1;10.5;14:52;-1.0;4:26;5.8;98.9;76.1;88.5;1.8;5.6;127.1;2.1;0.2;0.7
31/12/25;365;14.2;14:48;-0.6;7:20;3.9;98.6;44.5;88.8;0.5;3.0;211.4;7.4;0.4;0.7
30/12/25;364;11.3;15:36;-0.7;4:50;3.6;97.9;79.0;95.1;0.4;2.4;166.7;5.5;0.2;0.5
29/12/25;363;12.6;14:54;0.2;4:14;4.7;97.2;58.5;91.5;0.6;2.8;230.2;5.9;0.2;0.7
28/12/25;362;11.6;14:48;2.1;23:20;7.1;96.1;69.8;88.8;1.6;5.6;129.5;4.1;0.0;0.8
27/12/25;361;11.3;15:22;-2.7;7:32;4.6;97.5;51.2;84.1;1.8;6.9;130.8;6.8;3.2;1.1
26/12/25;360;10.3;13:32;-0.4;23:26;4.5;97.0;47.7;83.7;0.8;3.7;251.4;7.2;0.0;0.7
25/12/25;359;12.1;14:12;0.5;4:46;5.4;97.1;52.4;86.1;0.7;3.7;225.7;8.0;0.0;0.7
24/12/25;358;9.4;15:14;2.0;23:44;6.8;96.8;75.9;90.5;0.9;3.4;118.8;3.2;3.6;0.6
23/12/25;357;9.8;16:48;5.0;1:56;7.3;96.5;88.7;93.2;1.2;5.3;243.0;2.9;7.6;0.5
22/12/25;356;7.8;12:42;2.4;7:24;4.8;93.2;72.4;87.2;2.0;6.2;274.3;4.9;1.0;0.7
21/12/25;355;8.8;1:56;1.6;22:16;6.5;94.9;67.6;85.8;1.9;7.3;257.3;2.5;6.8;0.8
20/12/25;354;10.9;14:10;5.8;19:12;8.2;96.6;53.4;87.0;1.9;5.7;245.5;3.3;1.6;1.1
19/12/25;353;13.9;14:16;4.9;6:24;8.8;96.5;62.5;89.1;1.3;4.5;141.2;4.8;5.0;0.9
18/12/25;352;15.4;13:52;2.1;7:38;7.7;97.2;53.6;87.3;0.7;3.7;174.9;7.4;0.2;0.8
17/12/25;351;14.8;14:54;3.1;5:58;8.1;96.2;58.3;86.2;1.2;4.3;297.2;6.7;0.2;1.0
16/12/25;350;9.4;00:14;4.4;22:20;6.9;95.9;82.3;91.9;1.3;5.9;272.1;2.4;14.4;0.6
15/12/25;349;13.9;13:44;2.4;7:54;7.6;97.4;68.9;90.8;1.2;5.8;158.6;4.4;9.4;0.8
14/12/25;348;17.5;13:52;3.3;7:50;9.9;95.1;48.1;78.5;1.0;6.3;18.5;7.7;0.0;1.1
13/12/25;347;18.0;14:00;7.8;23:58;12.7;87.6;43.9;66.4;2.2;8.0;86.2;8.5;0.0;1.8
12/12/25;346;12.8;12:48;7.1;1:50;9.8;95.9;72.3;87.5;1.8;5.5;133.1;3.1;0.0;0.9
11/12/25;345;15.6;15:06;4.4;8:26;9.4;97.4;56.1;86.3;1.0;4.4;155.3;8.0;0.2;0.9
10/12/25;344;12.7;1:56;8.6;23:42;10.2;96.4;63.3;90.4;1.7;5.8;128.9;2.3;10.2;1.0
09/12/25;343;18.2;12:58;2.2;4:22;10.0;97.1;40.0;73.1;1.3;4.8;151.5;7.6;0.2;1.4
08/12/25;342;16.0;14:20;0.9;6:24;6.9;97.4;52.6;86.3;0.5;3.5;196.1;8.0;0.2;0.7
07/12/25;341;15.8;14:00;3.2;--:--;9.0;95.7;53.9;82.9;0.9;5.3;270.9;7.8;0.0;0.9
06/12/25;340;15.0;14:12;9.8;7:48;12.3;97.3;66.0;86.9;0.9;4.5;284.6;3.3;0.6;0.8
05/12/25;339;13.3;16:46;5.0;00:30;9.5;97.3;92.2;96.3;1.1;3.5;132.4;1.8;3.0;0.5
04/12/25;338;12.9;14:16;1.6;2:52;7.1;96.1;66.5;88.4;1.5;8.2;215.6;3.7;0.4;0.9
03/12/25;337;11.0;14:50;3.5;23:58;6.7;92.8;49.2;77.8;2.8;9.5;305.2;10.2;0.0;1.4
02/12/25;336;11.0;14:24;1.0;5:44;6.2;96.8;66.2;87.8;1.5;7.5;230.0;5.4;4.0;0.8
01/12/25;335;16.2;15:46;2.0;7:02;8.2;94.6;43.9;77.9;0.8;4.0;243.5;9.6;0.0;1.0
30/11/25;334;10.6;15:34;4.1;--:--;7.9;96.9;75.2;90.4;1.2;4.7;101.0;3.2;4.2;0.7
29/11/25;333;16.4;13:28;-1.0;6:46;6.3;97.2;41.9;82.9;0.7;6.7;254.4;8.6;0.2;1.0
28/11/25;332;16.8;15:04;-0.8;7:14;6.4;95.5;35.2;75.0;0.5;3.3;259.6;10.1;0.0;0.9
27/11/25;331;15.2;13:48;-1.8;7:02;5.4;95.5;28.1;71.5;0.9;4.4;264.6;10.3;0.2;1.2
26/11/25;330;14.2;13:30;0.3;7:20;5.7;96.1;33.7;73.1;0.9;4.7;275.9;10.6;0.0;1.1
25/11/25;329;14.0;13:58;3.0;23:28;10.0;93.7;39.8;73.1;2.8;8.0;314.7;11.0;0.0;1.8
24/11/25;328;13.6;23:34;5.7;--:--;10.5;94.1;74.2;86.5;1.6;7.1;218.7;3.6;0.6;0.9
23/11/25;327;15.0;13:12;-0.3;6:52;6.8;94.7;41.0;75.0;0.6;2.7;249.3;8.7;0.0;0.9
22/11/25;326;13.0;14:30;-2.4;6:36;4.6;91.9;26.5;65.1;0.7;3.2;251.8;10.8;0.0;1.0
21/11/25;325;12.9;14:26;-0.4;7:14;5.4;94.3;33.7;71.1;0.8;4.6;295.9;10.8;0.2;1.0
20/11/25;324;14.4;13:56;0.8;6:18;6.6;96.2;38.0;76.6;0.9;5.4;275.2;10.3;0.0;1.1
19/11/25;323;15.0;14:30;2.4;7:18;7.8;96.9;50.8;81.1;0.9;4.9;285.2;8.4;0.2;1.1
18/11/25;322;16.6;13:36;4.0;23:54;9.8;95.5;45.1;79.4;1.0;4.5;298.3;11.1;0.2;1.3
17/11/25;321;14.9;15:26;7.8;1:06;10.5;97.2;62.7;90.0;1.1;5.1;80.4;4.5;0.2;1.0
16/11/25;320;17.3;14:26;7.0;5:20;10.9;99.1;59.5;89.9;1.4;8.1;171.4;7.3;11.2;1.2
15/11/25;319;15.5;14:12;10.5;--:--;13.2;94.7;84.3;91.2;1.9;9.3;202.8;1.4;25.6;0.8
14/11/25;318;13.9;00:04;10.4;23:26;12.1;95.9;86.5;91.9;2.0;9.6;182.6;2.0;28.6;0.7
13/11/25;317;17.3;00:04;13.0;22:10;14.7;92.7;44.7;81.7;3.7;11.2;175.8;2.6;50.6;2.2
12/11/25;316;23.4;11:06;10.8;7:32;17.3;55.0;22.6;42.5;2.6;9.5;156.2;12.2;0.0;3.6
11/11/25;315;21.9;13:02;3.2;6:02;11.8;96.8;19.7;62.4;1.2;4.6;151.7;11.6;0.2;2.1
10/11/25;314;19.2;14:54;1.3;7:04;9.5;96.6;27.6;76.1;0.6;3.2;248.6;11.3;0.0;1.3
09/11/25;313;18.8;15:22;1.3;6:00;9.1;98.6;25.9;74.5;0.6;4.9;172.2;10.1;0.0;1.3
08/11/25;312;17.2;14:22;4.9;23:46;11.4;94.6;42.7;77.1;2.1;8.3;299.0;11.5;0.2;2.0
07/11/25;311;17.9;12:04;4.4;6:48;11.6;96.6;46.9;78.8;0.9;4.3;205.5;8.1;0.0;1.3
06/11/25;310;15.4;12:54;6.2;23:00;10.7;94.6;51.2;79.1;1.7;7.2;274.8;9.8;0.0;1.5
05/11/25;309;22.2;13:16;10.4;23:28;16.7;89.9;45.0;69.6;3.4;10.2;175.8;9.7;2.0;2.9
04/11/25;308;23.3;14:30;7.5;5:30;14.4;96.6;39.0;75.9;1.6;4.4;147.5;10.4;0.2;2.3
03/11/25;307;24.2;15:44;3.7;6:34;12.6;95.9;28.5;72.7;0.5;4.0;178.2;12.5;0.0;1.6
02/11/25;306;20.2;14:20;6.5;23:58;15.0;96.8;49.3;79.1;1.6;6.3;291.5;11.2;0.6;1.9
01/11/25;305;20.5;13:56;8.0;6:10;14.4;97.4;53.2;82.5;0.9;4.6;181.4;8.8;0.2;1.5
31/10/25;304;18.7;11:58;10.8;23:44;15.0;96.4;66.3;86.4;1.1;5.4;174.2;5.8;0.0;1.2
30/10/25;303;19.3;15:46;11.1;3:22;14.5;100.0;74.4;92.6;0.9;4.0;196.7;5.6;0.2;1.1
29/10/25;302;16.5;2:14;12.2;21:14;14.7;97.5;84.2;94.6;1.2;8.2;152.1;0.7;76.2;0.7
28/10/25;301;24.9;12:24;9.2;6:18;16.3;94.9;37.1;75.3;1.7;6.8;158.8;11.4;0.8;2.7
27/10/25;300;23.8;15:28;9.9;6:54;16.6;94.2;34.6;69.4;0.6;4.3;163.1;9.8;0.0;1.7
26/10/25;299;21.5;14:48;10.5;22:56;16.6;92.5;51.2;79.5;1.3;5.5;316.1;6.7;0.0;1.7
25/10/25;298;27.6;14:36;10.2;5:24;17.6;96.3;31.8;76.1;0.8;5.5;269.3;11.5;0.2;2.2
24/10/25;297;25.7;14:32;10.6;6:50;17.7;96.2;45.3;77.0;0.9;5.0;267.9;12.7;0.0;2.2
23/10/25;296;25.0;14:54;13.4;3:46;18.8;95.5;50.6;78.2;1.4;6.1;266.0;9.7;0.0;2.2
22/10/25;295;23.7;15:56;15.8;4:18;19.0;93.0;51.4;75.4;1.7;6.9;293.5;9.3;0.0;2.2
21/10/25;294;24.8;13:32;10.1;4:16;17.6;91.9;50.0;77.9;1.6;5.6;225.1;10.2;0.4;2.3
20/10/25;293;24.6;13:50;12.2;23:52;18.2;85.9;40.7;65.5;1.6;7.2;260.4;13.4;0.0;2.8
19/10/25;292;26.4;14:16;11.1;4:42;19.0;86.9;27.0;55.0;1.5;6.3;178.2;12.5;0.0;3.0
18/10/25;291;27.2;15:20;9.6;6:08;17.4;95.3;21.0;63.5;0.9;5.4;145.9;15.0;0.0;2.7
17/10/25;290;27.6;13:36;12.2;6:46;18.9;93.4;27.4;66.7;1.4;8.4;122.7;15.8;5.0;3.2
16/10/25;289;26.8;12:36;13.0;3:20;19.5;83.8;33.5;60.6;1.2;4.6;156.0;12.7;0.0;2.8
15/10/25;288;28.9;13:36;9.2;6:42;18.7;83.8;22.4;53.2;0.6;4.0;191.2;15.6;0.0;2.5
14/10/25;287;28.8;13:52;10.2;6:00;18.7;92.0;23.7;56.7;0.6;4.5;267.6;16.4;0.0;2.6
13/10/25;286;27.6;15:22;13.9;5:32;20.3;89.9;29.5;58.6;0.7;3.4;185.7;13.5;0.2;2.5
12/10/25;285;27.7;14:34;10.2;5:24;18.9;92.1;29.2;59.1;0.6;5.0;214.6;14.9;0.0;2.5
11/10/25;284;25.8;14:12;10.9;6:02;18.2;90.0;33.1;60.0;1.4;5.4;55.9;15.7;0.0;3.1
10/10/25;283;26.7;14:52;11.0;6:28;18.6;92.2;29.0;61.3;1.3;6.1;51.5;16.3;0.0;3.2
09/10/25;282;27.5;14:08;13.7;4:30;19.7;81.1;31.2;57.5;1.1;4.7;313.9;16.6;0.0;3.2
08/10/25;281;28.0;15:08;11.9;6:22;19.6;90.5;34.6;62.9;1.0;5.1;236.9;17.2;0.0;3.1
07/10/25;280;29.8;14:24;11.6;6:28;20.6;92.9;25.6;58.9;0.6;3.3;194.0;18.4;0.0;3.0
06/10/25;279;29.5;14:40;12.9;6:06;20.7;91.0;28.4;61.4;1.3;6.2;156.6;17.5;0.0;3.7
05/10/25;278;30.1;15:06;11.0;5:38;20.1;90.6;27.3;57.5;0.7;3.9;271.3;18.9;0.0;3.2
04/10/25;277;30.1;15:30;11.4;6:20;20.0;87.1;12.7;46.6;1.1;6.6;273.7;19.3;0.0;3.8
03/10/25;276;30.1;15:02;12.6;3:48;21.0;93.8;24.1;58.0;0.8;4.6;269.1;18.5;0.0;3.3
02/10/25;275;29.5;15:22;11.6;5:54;20.2;93.7;26.1;62.2;0.5;3.1;243.4;15.9;0.0;2.7
01/10/25;274;28.0;14:08;12.1;6:22;19.6;94.4;33.0;66.8;0.6;3.5;254.5;14.9;0.0;2.7
30/09/25;273;26.9;15:22;14.3;5:46;19.5;93.6;37.0;69.0;1.0;3.9;334.6;17.2;0.0;3.2
29/09/25;272;23.2;13:34;15.4;4:56;17.7;96.3;63.5;86.8;0.6;5.0;144.1;8.0;4.8;1.7
28/09/25;271;20.6;12:10;15.6;23:56;17.2;96.0;28.1;80.9;1.3;5.3;180.4;7.6;14.2;2.3
27/09/25;270;28.4;13:54;7.4;6:20;19.1;72.2;21.6;41.3;1.1;5.1;203.7;17.4;0.0;3.6
26/09/25;269;29.3;15:04;8.6;6:14;19.2;79.9;13.7;42.2;0.8;5.1;267.8;20.5;0.0;3.5
25/09/25;268;28.2;13:58;9.0;5:54;18.7;57.0;21.5;38.0;0.7;3.8;234.1;19.3;0.0;3.3
24/09/25;267;27.8;15:32;6.1;3:44;16.8;56.2;12.5;30.7;0.8;4.9;251.6;20.4;0.0;3.5
23/09/25;266;26.2;15:54;8.2;5:50;17.5;45.4;11.0;26.3;1.3;6.2;345.2;21.6;0.0;4.1
22/09/25;265;26.0;15:08;6.4;6:00;17.0;67.0;12.9;31.4;1.1;4.8;287.3;22.0;0.0;3.8
21/09/25;264;26.0;14:56;12.9;23:52;20.2;77.3;13.2;40.5;2.2;7.9;306.7;20.8;0.0;4.9
20/09/25;263;34.1;15:08;15.6;6:20;25.3;64.7;17.1;36.8;1.0;4.8;236.1;18.5;0.0;4.2
19/09/25;262;32.8;15:18;20.1;24:00;26.9;58.1;19.3;32.5;1.4;6.0;164.8;9.7;0.0;3.9
18/09/25;261;37.1;13:32;16.5;2:24;27.4;62.4;12.7;34.3;1.1;5.6;163.1;19.4;0.0;4.8
17/09/25;260;37.1;15:46;14.0;5:38;26.0;72.1;12.0;36.7;0.6;4.2;195.9;21.9;0.0;4.1
16/09/25;259;36.7;14:34;13.5;6:12;25.4;70.1;15.3;37.8;0.6;3.5;225.7;21.8;0.0;4.1
15/09/25;258;35.7;14:44;12.0;5:50;24.5;70.4;12.1;35.2;0.7;4.7;267.5;22.2;0.0;4.3
14/09/25;257;33.4;15:44;12.4;6:08;23.3;79.4;15.0;40.0;0.8;4.0;275.4;22.6;0.0;4.3
13/09/25;256;32.1;14:04;14.5;5:50;23.3;77.6;15.1;42.8;1.3;6.5;293.6;21.7;0.0;4.9
12/09/25;255;34.3;15:28;12.8;5:44;23.6;74.5;15.6;40.9;1.1;4.7;286.6;22.9;0.0;5.0
11/09/25;254;31.9;15:40;14.2;6:02;22.4;100.0;18.9;57.3;1.5;5.5;308.0;22.0;0.0;5.1
10/09/25;253;27.8;15:02;13.8;5:10;20.5;92.0;37.1;64.6;3.0;7.0;303.3;22.3;0.0;5.3
09/09/25;252;26.5;13:38;10.4;5:58;19.4;82.2;14.1;44.0;2.0;6.9;303.4;22.1;0.0;5.0
08/09/25;251;30.4;15:32;16.6;4:06;22.5;89.8;26.0;55.9;1.6;6.7;309.6;18.5;0.0;4.6
07/09/25;250;31.8;12:32;18.2;5:50;24.8;87.2;15.8;48.8;1.3;4.2;229.3;18.5;0.0;4.6
06/09/25;249;34.4;14:50;18.2;5:58;26.6;77.0;25.1;46.1;1.9;7.5;167.6;21.5;0.0;5.8
05/09/25;248;35.3;14:26;11.7;6:26;24.2;64.6;11.1;33.3;1.1;5.1;204.5;22.7;0.0;5.2
04/09/25;247;31.5;14:26;15.0;23:08;22.4;87.8;11.3;40.3;1.2;5.0;300.3;22.8;0.0;5.0
03/09/25;246;32.9;15:18;10.6;6:00;22.5;65.4;13.2;37.2;0.9;4.9;282.9;24.8;0.0;4.8
02/09/25;245;29.7;16:22;9.4;5:30;19.8;75.9;15.2;40.8;0.9;4.4;280.6;24.7;0.0;4.5
01/09/25;244;26.2;15:04;12.3;6:08;18.8;82.2;20.9;47.0;2.5;7.7;314.5;25.0;0.0;5.6
31/08/25;243;28.8;13:36;13.5;5:52;21.7;81.9;36.1;52.2;2.5;8.4;300.9;21.8;0.0;5.3
30/08/25;242;32.6;15:52;14.7;5:34;24.0;81.8;25.7;48.1;1.4;5.7;298.4;24.0;0.0;5.4
29/08/25;241;29.3;16:18;14.0;5:38;21.6;75.9;23.4;46.5;2.3;7.1;303.5;24.8;0.0;6.0
28/08/25;240;26.7;15:18;15.1;6:02;20.9;82.8;20.3;48.6;3.0;7.6;301.2;25.7;0.0;6.2
27/08/25;239;33.5;15:08;18.8;6:18;26.2;63.4;16.2;36.1;2.0;8.4;292.4;23.4;0.0;6.4
26/08/25;238;36.1;13:42;19.2;5:40;27.7;66.4;20.1;41.7;0.8;4.2;206.1;20.4;0.0;4.7
25/08/25;237;36.7;14:16;20.6;5:50;28.2;82.4;14.5;40.8;1.4;6.7;167.0;23.9;0.4;6.1
24/08/25;236;33.9;14:12;13.9;5:58;24.7;80.2;21.6;44.6;0.8;5.5;209.7;23.3;0.0;4.8
23/08/25;235;32.9;14:00;15.6;6:10;24.7;76.0;15.2;39.2;1.2;5.0;195.3;26.5;0.0;5.7
22/08/25;234;33.5;16:34;13.4;6:04;24.6;80.5;16.4;43.5;0.8;3.7;242.2;22.1;0.0;4.7
21/08/25;233;31.5;15:32;14.2;5:48;23.4;75.6;18.3;43.4;1.1;5.5;290.9;23.0;0.0;5.0
20/08/25;232;30.0;15:52;13.8;5:56;22.4;86.2;18.0;47.9;1.7;6.9;299.0;24.7;0.0;5.6
19/08/25;231;30.9;14:22;13.5;5:50;23.5;77.7;22.8;43.3;1.6;5.9;299.6;22.6;0.0;5.4
18/08/25;230;35.6;12:40;19.5;4:54;28.0;59.0;11.9;28.4;1.3;5.6;291.3;15.0;0.0;5.0
17/08/25;229;42.7;13:50;22.2;5:34;32.3;49.7;9.4;24.3;1.1;6.9;230.3;23.1;0.0;6.3
16/08/25;228;42.0;14:52;19.0;6:22;30.9;57.0;9.2;25.6;0.8;5.0;204.4;25.7;0.0;5.9
15/08/25;227;40.3;15:40;22.0;3:44;31.3;36.1;8.7;20.8;1.4;7.0;160.2;27.1;0.0;7.1
14/08/25;226;39.0;15:26;21.7;6:00;31.0;39.9;11.5;21.7;1.4;5.9;149.2;25.5;0.0;6.7
13/08/25;225;39.5;15:14;19.8;5:38;30.9;59.5;12.7;28.2;1.3;6.0;179.9;26.7;0.0;6.7
12/08/25;224;41.5;14:48;21.2;4:50;30.9;55.2;9.9;28.6;1.3;7.7;191.6;25.4;0.0;7.0
11/08/25;223;41.3;16:16;18.7;5:12;30.6;59.1;9.8;27.1;0.8;5.2;261.6;26.9;0.0;6.1
10/08/25;222;39.8;15:18;18.2;5:42;29.9;70.6;11.9;30.6;1.2;5.5;177.0;27.5;0.0;6.8
09/08/25;221;39.0;13:28;18.1;5:54;29.5;71.9;12.0;34.1;1.2;5.9;178.5;27.5;0.0;6.7
08/08/25;220;37.3;15:02;19.3;5:28;29.3;73.0;14.9;36.6;1.3;7.1;188.3;27.4;0.0;6.6
07/08/25;219;38.6;14:02;16.6;5:28;28.6;67.6;12.9;35.1;1.0;5.3;193.3;27.4;0.0;6.3
06/08/25;218;37.7;15:54;18.1;5:26;28.4;56.9;11.6;31.8;1.0;6.0;193.2;28.5;0.0;6.3
05/08/25;217;39.6;15:26;19.8;5:42;29.7;69.5;9.3;31.0;1.1;5.0;193.1;28.0;0.0;6.7
04/08/25;216;39.1;14:06;18.9;5:52;29.6;73.9;13.5;35.7;1.0;5.0;179.9;27.6;0.0;6.5
03/08/25;215;39.7;15:02;18.0;6:08;30.2;59.4;9.8;25.8;1.2;5.6;135.9;29.1;0.0;7.0
02/08/25;214;38.3;14:14;19.8;5:44;29.0;68.0;12.5;33.2;1.4;6.2;147.6;29.0;0.0;7.2
01/08/25;213;36.1;13:56;19.7;5:04;28.4;67.0;15.6;34.1;1.4;5.0;170.8;28.6;0.0;6.9
31/07/25;212;36.6;14:56;20.9;5:18;28.8;66.2;17.6;36.5;1.6;5.1;166.6;27.9;0.0;7.2
30/07/25;211;37.1;16:44;18.4;1:48;28.1;79.2;15.9;42.3;1.1;4.3;175.2;29.0;0.0;6.6
29/07/25;210;36.1;17:16;17.0;5:18;27.5;54.8;15.2;30.8;1.0;3.9;238.8;29.1;0.0;6.3
28/07/25;209;38.8;16:10;16.6;5:00;28.6;49.4;5.3;25.6;1.2;5.9;280.6;29.8;0.0;7.0
27/07/25;208;37.5;14:24;14.8;4:46;27.7;69.2;9.0;31.0;1.2;6.0;271.3;30.4;0.0;6.9
26/07/25;207;35.9;15:54;16.2;5:30;27.0;79.5;15.2;37.7;0.9;4.4;229.6;29.8;0.0;6.3
25/07/25;206;35.2;14:40;18.3;5:48;26.8;82.2;13.1;41.4;1.2;5.7;8.5;29.7;0.0;6.7
24/07/25;205;35.5;15:56;13.8;5:24;26.1;78.4;13.8;36.2;1.2;5.3;300.7;29.6;0.0;6.6
23/07/25;204;32.7;11:42;15.8;5:42;23.8;75.7;22.0;42.8;1.4;6.9;300.9;20.5;0.0;5.4
22/07/25;203;36.7;17:00;13.1;5:12;25.4;55.5;11.6;28.6;1.1;5.5;291.3;30.6;0.0;6.8
21/07/25;202;33.0;16:26;14.5;4:52;23.7;72.8;8.9;34.7;1.2;4.3;294.0;31.2;0.0;6.6
20/07/25;201;30.7;16:06;15.4;5:18;23.4;76.6;29.7;49.4;2.5;6.5;306.1;30.3;0.0;7.1
19/07/25;200;32.0;15:42;16.2;4:36;23.9;90.8;19.4;49.4;2.4;6.4;301.6;30.2;0.0;7.4
18/07/25;199;34.1;14:54;14.5;5:32;25.5;64.0;13.9;32.6;2.4;7.5;301.1;30.9;0.0;8.1
17/07/25;198;40.0;15:06;17.4;5:44;29.6;60.6;9.5;27.4;1.2;7.0;287.2;30.4;0.0;7.4
16/07/25;197;40.4;14:14;16.4;5:20;29.9;56.7;8.4;28.0;0.8;4.6;262.9;30.4;0.0;6.6
15/07/25;196;39.7;16:30;16.2;5:24;28.9;70.6;9.0;32.2;0.8;4.2;293.6;30.9;0.0;6.7
14/07/25;195;37.5;15:04;14.7;4:44;27.3;73.9;13.8;37.4;1.0;4.6;279.2;30.4;0.0;6.7
13/07/25;194;32.7;16:12;13.1;5:24;23.7;90.4;16.0;48.1;0.9;4.5;292.0;31.2;0.0;6.2
12/07/25;193;28.1;16:16;15.5;4:10;21.2;90.0;33.1;61.2;1.1;4.5;221.6;16.8;0.0;4.0
11/07/25;192;30.9;15:56;15.7;5:14;22.7;98.7;29.5;61.1;1.4;5.9;223.3;28.3;0.0;6.0
10/07/25;191;34.9;14:30;17.8;4:58;26.9;92.0;24.4;52.9;1.2;6.3;208.4;30.8;0.0;6.8
09/07/25;190;35.7;15:54;16.8;5:22;27.6;87.6;13.5;45.3;1.4;5.9;203.0;30.7;0.0;7.1
08/07/25;189;35.9;14:52;19.6;5:26;28.7;73.0;18.1;42.1;1.3;5.2;186.7;30.4;0.0;7.1
07/07/25;188;38.8;14:08;18.8;4:56;29.7;72.3;14.0;36.7;0.9;4.7;258.0;28.5;0.0;6.6
06/07/25;187;37.5;15:24;18.8;4:38;28.8;70.0;16.2;38.7;0.9;5.7;206.9;30.0;0.0;6.6
05/07/25;186;35.9;14:16;17.5;5:24;28.1;89.5;15.6;41.1;1.0;5.4;194.0;30.8;0.0;6.7
04/07/25;185;36.9;12:58;18.4;5:10;29.1;66.7;14.0;34.6;1.3;5.8;168.2;31.0;0.0;7.2
03/07/25;184;38.5;15:02;19.8;4:40;30.0;73.5;10.3;34.9;1.6;6.5;163.3;30.9;0.0;7.9
02/07/25;183;39.4;15:10;21.9;5:34;30.8;55.1;12.1;29.5;1.2;6.4;185.8;29.8;0.0;7.4
01/07/25;182;38.3;17:46;16.6;5:12;28.9;97.6;13.4;45.0;1.1;5.3;170.3;29.9;0.0;7.0
30/06/25;181;40.3;15:18;18.4;5:10;28.3;83.4;11.3;41.5;1.3;7.0;245.0;25.9;4.8;7.2
29/06/25;180;40.5;12:44;18.3;5:08;29.5;55.9;10.3;30.1;1.2;10.0;146.4;22.4;0.6;6.6
28/06/25;179;40.5;16:02;19.4;5:14;30.2;61.0;10.7;29.2;0.8;4.5;168.5;28.9;0.0;6.6
27/06/25;178;38.6;14:54;15.1;4:32;28.5;66.4;9.8;30.6;0.7;4.5;183.1;31.3;0.0;6.5
26/06/25;177;35.8;15:10;13.2;4:30;25.8;88.3;13.7;43.4;0.9;5.4;286.2;31.4;0.0;6.6
25/06/25;176;30.7;14:56;11.8;5:20;21.7;99.4;22.7;57.8;1.4;6.1;286.0;31.1;0.0;6.4
24/06/25;175;31.0;16:00;17.2;--:--;24.2;88.8;29.3;58.3;1.3;5.0;219.0;18.4;1.6;4.7
23/06/25;174;37.3;15:26;19.5;1:28;28.8;66.2;13.3;34.2;1.7;8.3;167.5;23.0;0.0;7.0
22/06/25;173;36.8;16:32;17.7;5:20;28.2;71.3;12.4;33.4;1.3;6.8;186.7;28.4;0.0;6.9
21/06/25;172;37.9;15:02;18.9;5:36;29.3;66.2;15.1;34.3;1.3;6.0;204.0;29.6;0.0;7.2
20/06/25;171;38.3;14:18;19.8;2:10;30.1;56.1;14.8;30.4;1.7;5.6;183.1;29.7;0.0;7.9
19/06/25;170;38.7;15:04;21.1;3:16;28.5;62.2;11.7;32.2;1.4;9.7;136.1;18.7;0.0;6.3
18/06/25;169;38.9;16:08;17.8;5:06;29.0;69.8;13.0;34.1;0.9;3.8;231.8;28.0;0.0;6.5
17/06/25;168;39.5;13:54;20.0;4:18;30.5;61.0;12.3;29.6;1.4;5.5;184.6;28.4;0.0;7.5
16/06/25;167;38.9;13:36;16.7;4:54;29.0;76.5;15.4;37.0;1.2;5.4;156.7;29.4;0.0;7.2
15/06/25;166;35.7;14:40;14.8;5:04;26.1;75.6;17.7;40.2;0.7;5.3;229.8;25.7;0.0;5.6
14/06/25;165;35.4;15:38;15.2;3:40;25.8;88.3;19.6;44.8;0.8;5.1;294.0;29.5;0.0;6.2
13/06/25;164;34.7;15:22;12.6;5:00;24.2;81.2;14.9;43.4;0.9;4.4;289.5;30.7;0.0;6.4
12/06/25;163;32.5;16:22;11.7;5:04;22.7;93.4;17.1;49.9;0.8;4.2;290.5;30.5;0.0;5.9
11/06/25;162;30.3;13:12;16.7;--:--;23.6;95.9;32.1;59.0;1.4;7.3;214.3;27.3;0.0;5.8
10/06/25;161;37.1;12:34;17.3;2:16;25.9;85.9;13.4;53.8;1.6;8.4;163.0;17.1;0.0;6.1
09/06/25;160;34.8;16:10;16.2;5:10;26.1;73.0;21.0;39.6;0.9;5.1;188.3;18.5;0.0;4.8
08/06/25;159;39.2;15:50;12.6;5:12;27.0;74.7;10.2;33.3;0.7;4.3;289.2;29.9;0.0;6.3
07/06/25;158;34.7;15:40;12.0;4:46;24.0;86.8;11.0;41.0;1.1;5.7;289.6;31.4;0.0;6.7
06/06/25;157;33.1;14:36;11.8;5:08;23.0;92.8;15.0;43.8;0.9;5.5;270.5;30.0;0.0;6.1
05/06/25;156;31.5;16:46;11.0;4:52;21.5;94.5;12.9;48.6;0.8;4.4;282.4;30.9;0.0;5.9
04/06/25;155;27.0;17:04;9.2;5:30;18.5;95.5;28.2;58.1;1.0;4.5;280.5;27.6;0.0;5.1
03/06/25;154;25.3;14:54;13.1;23:56;19.2;97.3;31.2;69.1;1.6;6.3;246.0;22.1;0.0;4.7
02/06/25;153;29.0;14:00;15.2;4:44;22.0;93.3;26.6;58.0;1.3;5.5;190.4;28.1;0.0;5.7
01/06/25;152;35.3;14:24;15.1;5:16;26.0;80.1;15.0;40.5;1.3;5.9;182.7;28.1;0.0;6.6
31/05/25;151;36.9;15:12;15.2;5:14;27.0;80.1;12.7;37.4;1.1;5.9;179.8;29.9;0.0;6.8
30/05/25;150;36.3;15:32;16.9;5:00;27.0;59.8;12.3;32.0;0.7;3.6;211.3;28.5;0.0;5.9
29/05/25;149;35.9;14:42;12.9;4:30;25.6;78.0;13.5;36.5;1.3;6.7;161.5;30.4;0.0;7.0
28/05/25;148;35.6;15:34;11.6;5:16;24.2;89.8;13.3;43.2;0.7;5.4;161.3;28.2;0.0;5.8
27/05/25;147;34.2;14:22;11.4;5:40;23.7;93.4;14.8;44.2;0.8;6.4;194.6;30.5;0.0;6.1
26/05/25;146;32.7;16:00;15.6;23:50;27.3;78.2;16.9;33.2;1.2;5.3;290.6;21.8;0.0;5.3
23/05/25;143;n/d;--:--;n/d;--:--;n/d;n/d;n/d;n/d;n/d;n/d;n/d;n/d;n/d;n/d
22/05/25;142;n/d;--:--;n/d;--:--;n/d;n/d;n/d;n/d;n/d;n/d;n/d;n/d;n/d;n/d
21/05/25;141;n/d;--:--;n/d;--:--;n/d;n/d;n/d;n/d;n/d;n/d;n/d;n/d;n/d;n/d
16/05/25;136;25.0;15:30;6.1;4:52;16.2;100.0;29.2;66.7;0.8;4.4;325.1;28.6;0.0;4.7
15/05/25;135;22.7;15:48;4.9;5:28;14.3;100.0;30.8;69.5;1.0;6.1;332.6;28.9;0.0;4.6
14/05/25;134;22.1;14:42;8.2;5:30;15.1;100.0;31.8;69.0;2.0;7.0;308.5;30.6;0.0;5.1
13/05/25;133;21.9;14:30;5.5;5:30;14.2;100.0;31.4;70.0;1.3;6.4;293.0;26.8;0.0;4.4
12/05/25;132;21.6;16:44;3.7;5:14;13.1;100.0;27.5;65.7;0.9;5.2;268.8;27.8;0.0;4.3
11/05/25;131;19.6;17:02;6.6;5:12;13.0;100.0;28.9;70.5;1.5;6.6;292.5;28.9;0.0;4.5
10/05/25;130;20.1;13:16;8.2;5:42;14.0;100.0;38.6;77.3;1.3;5.6;246.1;20.1;2.2;3.5
09/05/25;129;20.3;15:04;8.8;5:02;14.2;100.0;49.5;80.8;1.1;4.6;181.5;18.5;0.0;3.2
08/05/25;128;16.8;15:24;5.7;4:34;12.3;100.0;58.2;82.2;1.1;5.0;228.5;12.2;0.0;2.2
07/05/25;127;21.0;14:36;6.8;3:44;13.7;100.0;41.8;81.3;1.1;5.6;187.5;21.5;0.0;3.6
06/05/25;126;20.6;17:12;8.6;3:24;14.0;100.0;39.8;82.7;1.0;3.5;283.3;19.3;0.0;3.3
05/05/25;125;17.6;17:22;10.5;00:50;13.4;100.0;68.1;89.3;1.9;7.1;283.4;13.3;0.4;2.3
04/05/25;124;17.3;16:02;10.6;5:40;13.3;100.0;61.9;88.6;1.7;5.5;228.7;18.0;0.2;2.9
03/05/25;123;18.2;13:46;9.3;4:34;13.3;100.0;67.9;91.1;1.6;7.6;180.1;16.1;1.2;2.6
02/05/25;122;17.9;16:00;10.4;4:30;13.8;100.0;78.8;93.0;2.2;3.9;162.9;16.4;102.8;2.5
01/05/25;121;23.2;15:40;8.1;6:00;15.7;100.0;44.3;77.4;1.6;7.3;153.4;23.9;1.6;4.2
30/04/25;120;18.0;10:52;10.4;24:00;12.7;100.0;72.3;91.9;1.3;2.9;146.7;6.2;13.3;1.5
29/04/25;119;23.3;15:28;9.6;3:22;16.7;95.1;28.7;56.8;2.3;6.3;139.2;25.9;0.0;5.0
28/04/25;118;24.8;15:12;5.6;4:26;15.9;100.0;30.7;61.0;2.1;6.6;133.3;29.2;0.0;5.3
27/04/25;117;23.7;15:04;7.0;4:58;15.9;98.2;24.6;60.5;1.4;5.1;2.4;29.6;0.0;4.9
26/04/25;116;21.9;16:48;8.6;5:52;15.2;100.0;35.0;73.8;1.7;5.2;316.3;28.5;0.0;4.6
25/04/25;115;26.2;14:14;8.5;5:38;17.7;100.0;34.4;72.2;1.7;5.9;287.2;26.6;0.0;5.0
24/04/25;114;26.9;15:36;6.4;5:40;17.0;100.0;27.1;67.8;0.9;4.6;176.9;28.5;0.4;4.8
23/04/25;113;23.6;15:32;5.2;5:20;14.9;100.0;35.7;71.7;1.0;4.2;316.8;28.0;0.2;4.4
22/04/25;112;19.8;14:34;8.0;22:58;13.5;100.0;43.7;79.1;1.5;5.2;310.0;24.2;10.2;3.8
21/04/25;111;n/d;--:--;n/d;--:--;n/d;n/d;n/d;n/d;n/d;n/d;n/d;n/d;n/d;n/d
17/04/25;107;17.5;14:36;6.8;23:54;12.1;100.0;62.6;86.9;1.8;6.0;285.7;16.9;0.0;2.6
16/04/25;106;16.0;16:08;3.5;4:30;9.4;100.0;47.5;80.3;2.9;7.5;280.9;21.5;0.0;3.2
15/04/25;105;12.8;13:40;4.8;23:30;8.7;99.7;52.4;82.2;3.6;11.6;291.1;18.5;1.8;2.7
14/04/25;104;17.8;13:52;8.4;23:10;11.9;100.0;43.6;86.5;1.9;7.1;239.2;14.9;6.8;2.8
13/04/25;103;19.9;16:16;8.0;3:16;12.9;100.0;54.3;93.7;0.8;4.7;246.2;16.2;1.8;2.6
12/04/25;102;18.4;14:42;10.5;23:58;14.2;100.0;70.5;91.7;1.6;5.7;175.5;11.0;0.0;2.0
11/04/25;101;21.5;15:40;11.3;6:14;15.7;100.0;53.2;83.1;1.5;6.8;149.7;18.2;7.4;3.2
10/04/25;100;24.4;14:30;13.8;6:02;18.1;91.4;30.2;62.1;1.4;5.9;136.6;19.0;0.0;3.9
09/04/25;99;26.2;15:04;6.3;6:18;16.6;100.0;22.3;66.2;1.1;5.0;138.0;21.9;0.0;4.1
08/04/25;98;24.4;15:22;5.4;5:54;14.9;100.0;23.3;68.8;1.2;5.7;142.9;23.2;0.0;4.1
07/04/25;97;22.5;16:50;4.6;5:38;13.3;100.0;30.3;74.3;0.7;4.3;154.0;22.3;0.0;3.3
06/04/25;96;18.2;12:42;3.7;5:20;11.1;100.0;39.0;82.0;0.7;4.1;221.4;16.0;0.2;2.4
05/04/25;95;16.8;14:34;4.4;6:30;10.5;100.0;41.7;83.5;0.9;4.0;246.3;16.3;0.2;2.5
04/04/25;94;13.6;15:30;8.4;23:26;11.2;100.0;82.9;96.6;2.9;9.9;190.9;6.1;38.6;1.2
03/04/25;93;14.4;14:40;7.9;4:18;10.5;100.0;78.8;95.9;2.8;7.5;128.7;9.5;24.0;1.5
02/04/25;92;18.2;13:28;6.4;3:50;11.3;100.0;55.2;92.3;1.9;8.2;163.8;12.3;6.4;2.3
01/04/25;91;21.2;14:50;4.2;5:52;12.6;100.0;35.2;77.4;0.9;4.2;224.8;17.6;0.0;2.9
31/03/25;90;23.8;14:44;1.4;6:18;12.5;100.0;15.5;62.7;1.4;6.2;140.6;22.8;0.0;4.1
30/03/25;89;19.4;15:30;2.9;6:30;12.0;95.5;20.7;52.0;1.6;6.8;44.0;22.3;0.0;3.6
29/03/25;88;21.2;14:20;2.0;6:20;12.0;100.0;27.4;68.0;1.2;5.8;318.5;21.9;0.0;3.4
28/03/25;87;19.0;14:02;2.2;5:56;10.7;100.0;29.3;74.3;1.5;7.4;302.3;21.8;0.2;3.3
27/03/25;86;18.2;15:28;2.5;6:08;10.0;100.0;36.8;75.8;1.1;5.5;276.4;17.9;0.0;2.7
26/03/25;85;17.6;14:40;1.8;6:46;9.6;100.0;35.3;73.6;1.2;6.6;286.8;20.5;0.0;2.9
25/03/25;84;16.3;14:42;4.2;00:32;9.7;100.0;42.3;78.6;1.3;6.3;359.5;17.5;0.0;2.5
24/03/25;83;14.2;15:20;1.3;5:20;7.1;100.0;47.8;84.0;1.4;5.5;297.5;18.2;0.0;2.3
23/03/25;82;10.2;16:50;3.1;23:48;6.3;100.0;66.3;92.3;1.4;7.7;286.0;7.0;3.2;1.2
22/03/25;81;11.9;12:42;4.0;6:36;7.3;97.2;69.3;86.6;3.1;11.1;256.1;11.0;0.8;1.6
21/03/25;80;12.4;11:30;5.9;6:44;9.7;100.0;80.2;93.3;3.3;9.9;219.3;10.6;13.2;1.4
20/03/25;79;15.8;14:10;8.8;2:00;11.6;100.0;64.2;88.4;3.5;11.7;171.7;12.7;40.6;2.1
19/03/25;78;18.7;15:20;7.0;5:34;12.1;100.0;48.3;79.2;3.1;9.6;137.1;15.9;0.0;3.0
18/03/25;77;14.6;14:34;8.3;23:30;10.7;100.0;62.8;89.4;2.8;10.6;207.7;9.3;11.2;1.8
17/03/25;76;11.6;13:50;7.2;3:30;8.8;100.0;89.3;98.7;3.6;10.2;138.0;5.8;60.2;0.9
16/03/25;75;13.2;15:22;4.8;2:16;8.8;100.0;61.8;89.1;2.1;8.3;228.3;10.9;7.8;1.7
15/03/25;74;12.8;15:38;-1.5;6:44;6.2;100.0;35.7;78.0;1.3;5.8;259.2;15.3;0.8;2.1
14/03/25;73;10.4;15:50;2.0;23:58;7.1;100.0;73.2;94.9;1.8;7.4;291.6;8.0;2.8;1.2
13/03/25;72;12.1;12:20;6.8;9:02;8.6;100.0;80.0;97.0;1.8;10.3;197.8;7.1;20.6;1.1
12/03/25;71;13.8;14:08;7.4;4:28;9.5;100.0;41.9;84.5;2.0;6.7;252.1;9.8;4.0;2.0
11/03/25;70;14.8;12:44;8.2;4:14;10.4;100.0;68.1;89.8;2.8;8.8;250.5;11.9;3.4;1.8
10/03/25;69;12.9;14:04;6.0;1:26;8.8;100.0;81.0;96.2;2.3;8.8;179.2;9.8;8.6;1.3
09/03/25;68;10.1;16:02;4.9;1:32;7.2;100.0;79.1;92.6;2.2;7.0;179.2;10.4;2.2;1.2
08/03/25;67;11.0;14:10;6.0;23:58;8.8;100.0;70.4;93.4;3.8;14.0;185.3;6.3;29.6;1.3
07/03/25;66;15.4;15:58;6.8;1:28;10.4;100.0;62.0;89.7;2.3;8.8;164.5;9.0;5.8;1.7
06/03/25;65;17.6;14:58;7.6;23:42;11.5;100.0;54.2;87.3;0.8;4.4;109.9;11.9;7.0;1.8
05/03/25;64;15.9;11:20;5.8;6:18;11.2;100.0;59.9;87.5;0.9;5.6;101.1;7.3;3.0;1.4
04/03/25;63;17.3;12:18;5.0;5:38;11.1;100.0;52.3;84.0;1.1;5.3;145.9;9.9;0.4;1.7
03/03/25;62;13.9;16:26;7.1;1:36;9.2;100.0;81.3;95.2;1.3;5.5;121.7;6.8;13.6;1.1
02/03/25;61;10.0;13:40;6.1;6:10;7.8;100.0;88.1;97.4;1.3;4.4;117.6;4.4;11.2;0.8
01/03/25;60;12.7;14:48;4.7;3:14;8.5;100.0;74.0;94.9;0.8;2.9;0.6;5.4;3.2;1.0
28/02/25;59;15.8;12:02;3.1;4:38;7.8;100.0;56.0;93.7;0.9;4.8;134.8;5.6;5.4;1.2
27/02/25;58;15.6;15:00;5.2;6:54;9.3;100.0;49.1;81.6;1.2;5.5;181.5;14.3;0.0;1.9
26/02/25;57;17.2;14:54;-0.5;6:10;7.8;100.0;35.8;78.6;1.0;5.3;170.4;15.7;0.2;2.0
25/02/25;56;15.5;15:48;2.6;23:54;7.6;100.0;57.0;92.5;1.1;7.9;263.0;6.4;3.4;1.3
24/02/25;55;18.0;14:50;0.9;6:24;8.6;100.0;37.2;79.5;0.6;5.3;214.0;12.8;0.0;1.7
23/02/25;54;17.8;13:54;2.0;7:32;8.8;100.0;34.2;78.2;0.7;3.9;274.1;15.0;0.2;1.8
22/02/25;53;14.6;15:22;5.2;23:44;9.8;100.0;50.5;85.1;2.0;7.3;312.1;12.5;2.2;1.9
21/02/25;52;16.9;15:04;5.2;7:08;11.1;100.0;56.1;84.5;1.6;6.6;171.3;11.8;3.4;1.8
20/02/25;51;20.2;15:46;2.5;7:06;10.6;100.0;37.4;80.9;0.5;3.8;264.3;14.0;0.0;1.7
19/02/25;50;17.5;14:18;6.1;23:38;11.1;100.0;54.8;85.2;1.1;4.4;252.2;11.0;0.0;1.6
18/02/25;49;17.3;13:58;5.3;2:38;11.0;100.0;51.4;79.6;1.8;7.3;154.3;9.7;0.2;1.8
17/02/25;48;18.5;13:30;1.6;6:12;9.4;100.0;47.1;83.9;0.6;3.4;155.8;12.2;0.0;1.5
16/02/25;47;18.3;14:50;2.4;6:16;9.9;100.0;43.3;77.0;0.9;4.1;272.0;14.0;0.0;1.8
15/02/25;46;18.0;14:22;0.5;6:06;8.6;100.0;30.4;74.4;1.1;5.0;156.7;10.2;0.2;1.8
14/02/25;45;19.5;14:32;0.4;7:34;8.2;100.0;32.0;80.9;0.7;3.9;180.5;13.1;0.2;1.7
13/02/25;44;16.7;16:20;1.0;4:42;7.2;100.0;45.5;85.5;0.6;3.0;254.5;12.0;0.0;1.4
12/02/25;43;13.6;14:22;3.4;23:20;9.3;99.9;49.4;81.7;2.9;9.3;293.0;12.7;0.2;1.9
11/02/25;42;16.0;12:42;3.1;5:58;9.1;100.0;43.5;85.7;2.2;7.8;166.3;9.5;2.4;1.9
10/02/25;41;15.0;15:30;0.8;6:20;6.8;100.0;55.2;88.0;0.7;3.5;180.4;9.3;0.2;1.2
09/02/25;40;17.2;15:30;-1.0;6:54;6.6;100.0;36.7;83.2;0.5;3.1;222.2;12.6;0.0;1.3
08/02/25;39;12.1;14:48;1.6;--:--;7.5;100.0;57.5;86.4;1.3;4.7;292.1;9.7;0.2;1.2
07/02/25;38;14.2;13:28;-2.4;7:26;5.7;100.0;52.6;88.9;1.2;5.5;181.6;10.8;5.2;1.3
06/02/25;37;15.8;15:12;-2.1;7:00;5.8;100.0;30.6;77.7;0.6;3.7;264.9;13.3;0.0;1.3
05/02/25;36;17.5;15:06;-2.2;7:30;6.1;100.0;24.2;76.4;0.6;4.9;249.4;13.4;0.2;1.4
04/02/25;35;14.7;14:34;-1.4;6:42;5.5;100.0;35.4;80.9;0.6;5.4;245.4;12.7;0.2;1.2
03/02/25;34;13.0;15:10;2.8;23:50;7.7;100.0;54.5;83.5;1.5;5.0;77.1;7.4;8.2;1.2
02/02/25;33;12.8;15:50;4.1;00:14;8.4;100.0;61.5;89.7;1.3;5.8;288.1;7.7;2.8;1.1
01/02/25;32;13.8;14:58;-2.0;5:48;4.7;100.0;47.7;83.9;0.9;5.2;269.4;12.3;0.0;1.2
31/01/25;31;12.4;15:02;-1.3;6:10;5.1;100.0;39.7;74.2;1.2;5.3;327.1;13.5;0.0;1.3
30/01/25;30;12.5;14:24;4.2;--:--;7.2;100.0;48.8;77.7;3.6;8.6;313.8;12.8;0.2;1.8
29/01/25;29;9.8;16:16;1.9;5:06;6.1;100.0;76.9;93.3;2.2;8.0;206.2;3.7;2.6;0.8
28/01/25;28;10.8;13:50;3.4;23:40;7.8;96.4;56.5;78.5;3.4;12.3;269.8;11.7;3.6;1.5
27/01/25;27;15.8;12:32;8.0;23:22;12.8;100.0;76.2;89.8;4.3;12.0;246.9;4.5;26.0;1.2
26/01/25;26;15.1;15:12;5.8;--:--;11.0;100.0;79.3;95.7;2.5;8.2;178.7;4.6;0.4;0.9
25/01/25;25;13.6;15:14;5.8;23:30;9.9;100.0;81.5;94.0;1.2;5.0;207.3;5.4;1.8;0.8
24/01/25;24;15.2;13:30;8.4;00:12;10.9;100.0;77.7;94.5;1.0;5.5;170.1;6.1;0.6;0.9
23/01/25;23;15.6;14:34;9.2;23:16;11.7;100.0;83.0;97.2;1.5;5.4;165.6;6.8;13.0;0.9
22/01/25;22;13.6;13:24;9.8;1:04;11.4;99.6;81.6;93.7;2.3;7.5;184.9;4.4;16.4;0.8
21/01/25;21;13.4;15:44;8.2;--:--;10.9;100.0;69.0;89.0;2.5;8.5;175.8;3.6;3.0;1.0
20/01/25;20;9.4;10:18;6.4;--:--;8.3;100.0;81.3;94.6;2.5;7.1;147.1;1.0;21.6;0.7
19/01/25;19;13.8;13:30;-4.8;7:42;4.1;100.0;43.2;80.7;0.7;4.9;165.1;10.5;0.0;1.0
18/01/25;18;14.8;14:52;-3.0;7:12;3.9;100.0;33.9;78.6;0.5;3.4;260.0;11.8;0.2;0.9
17/01/25;17;13.6;13:36;-1.5;6:08;5.7;96.6;38.4;69.6;1.4;5.4;113.8;11.9;0.0;1.3
16/01/25;16;14.1;14:12;-5.5;5:42;3.8;99.9;24.8;64.7;0.8;4.4;343.0;11.5;0.0;1.1
15/01/25;15;14.0;14:58;-6.6;6:32;2.1;97.8;11.0;62.8;0.6;4.1;268.2;11.7;0.0;1.0
14/01/25;14;12.6;13:16;-6.1;5:42;1.9;98.4;26.7;66.1;0.7;4.6;5.4;11.2;0.0;1.0
13/01/25;13;13.3;14:16;-3.6;23:58;3.9;100.0;16.1;67.2;0.8;4.0;263.9;11.9;0.2;1.1
12/01/25;12;16.9;13:46;2.1;--:--;10.7;100.0;31.0;77.0;1.0;4.2;357.6;11.5;0.0;1.2
11/01/25;11;16.4;13:18;8.2;00:24;11.3;100.0;78.2;95.9;1.2;5.9;295.4;4.8;0.0;0.8
10/01/25;10;15.5;15:14;2.5;1:14;7.4;100.0;67.0;94.5;0.6;3.5;258.6;7.1;0.4;0.7
09/01/25;9;15.8;15:10;3.4;23:28;9.8;100.0;64.9;90.6;1.1;5.3;279.5;10.1;0.2;0.9
08/01/25;8;13.0;13:52;-1.0;7:06;6.7;100.0;66.1;92.5;1.2;5.9;184.0;7.7;1.8;0.8
07/01/25;7;12.6;15:28;-1.6;6:18;4.7;100.0;54.6;89.9;0.7;4.4;159.1;7.9;0.2;0.8
06/01/25;6;12.0;14:02;3.0;23:42;8.0;100.0;56.5;87.4;2.7;13.2;292.5;8.4;11.6;1.2
05/01/25;5;14.1;14:20;5.3;4:16;9.4;98.8;54.5;89.1;2.0;7.7;168.3;4.5;5.2;1.2
04/01/25;4;14.2;13:34;-3.1;6:12;4.7;100.0;48.6;86.6;0.8;3.6;157.3;8.5;0.0;0.9
03/01/25;3;14.8;15:26;-4.0;6:08;3.7;100.0;38.0;81.2;0.4;5.3;269.4;9.6;0.0;0.7
02/01/25;2;15.1;14:28;-5.0;6:58;3.3;100.0;37.4;81.0;0.3;2.5;233.1;10.4;0.2;0.6
01/01/25;1;13.8;14:04;-4.0;5:56;3.1;100.0;38.4;83.3;0.5;3.7;185.3;9.9;0.0;0.7
31/12/24;366;14.2;14:20;-4.8;7:32;3.2;100.0;40.1;81.6;0.6;3.8;292.2;9.8;0.2;0.8
30/12/24;365;14.4;13:46;-4.5;7:36;3.0;100.0;30.6;80.1;0.7;4.5;161.3;10.1;0.0;0.9
29/12/24;364;14.4;13:40;-4.1;7:28;2.7;100.0;40.5;85.4;0.5;5.1;182.4;9.6;0.2;0.7
28/12/24;363;14.6;14:44;-3.2;7:34;4.1;100.0;49.2;85.6;0.4;2.8;268.4;9.9;0.0;0.6
27/12/24;362;17.1;14:38;-0.6;7:06;6.1;100.0;44.4;82.9;0.4;3.0;157.5;9.3;0.2;0.7
26/12/24;361;20.2;16:12;-2.4;7:34;6.1;100.0;30.5;80.0;0.3;2.4;203.2;10.0;0.0;0.7
25/12/24;360;19.6;14:32;-2.4;7:30;6.1;100.0;24.0;77.3;0.4;3.4;181.1;10.1;0.2;0.8
24/12/24;359;17.4;13:56;0.1;7:36;8.5;96.5;35.1;60.3;1.1;4.5;69.9;10.3;0.0;1.2
23/12/24;358;14.8;14:22;-1.0;3:24;6.3;100.0;35.8;70.8;1.3;6.6;48.2;10.3;0.0;1.2
22/12/24;357;17.2;13:42;-0.7;6:34;6.4;97.1;30.3;71.4;0.8;3.4;275.4;10.1;0.0;1.1
21/12/24;356;14.2;14:34;-1.2;7:10;6.2;97.9;35.0;65.9;1.0;4.0;343.7;10.4;0.2;1.0
20/12/24;355;14.4;14:18;-1.2;23:58;5.7;100.0;35.2;79.4;0.9;4.4;328.7;8.3;0.2;1.0
19/12/24;354;16.8;14:30;4.2;23:38;9.9;99.8;58.9;82.5;1.5;6.4;254.4;5.6;0.0;1.1
18/12/24;353;21.2;14:54;2.4;3:28;9.5;99.4;32.2;74.6;0.5;2.5;174.2;7.9;0.0;1.0
17/12/24;352;17.3;15:10;-2.0;4:46;6.4;100.0;35.6;77.0;0.6;3.6;142.6;8.8;0.2;0.9
16/12/24;351;14.5;13:48;-3.2;7:12;4.1;99.3;31.8;74.8;1.1;5.9;153.3;10.4;0.0;1.2
15/12/24;350;13.4;14:16;-1.6;7:38;5.7;99.9;36.9;72.4;0.9;4.4;233.0;8.0;0.2;0.9
14/12/24;349;13.5;14:12;-1.5;5:22;3.9;100.0;50.6;89.7;0.5;3.4;290.7;6.8;0.2;0.7
13/12/24;348;13.2;14:50;0.0;23:22;6.6;100.0;52.2;88.8;0.8;3.6;167.8;8.0;0.0;0.8
12/12/24;347;9.5;12:54;-3.7;5:58;2.5;100.0;63.0;95.0;0.5;4.0;125.6;3.3;2.2;0.6
11/12/24;346;12.8;15:12;-4.8;7:36;2.3;100.0;38.2;81.8;0.4;3.0;182.0;9.5;0.0;0.6
10/12/24;345;12.7;13:30;-4.0;7:16;2.7;100.0;36.2;80.0;0.5;3.8;186.0;9.7;0.2;0.7
09/12/24;344;11.2;14:06;-2.4;6:14;3.1;99.6;35.9;78.0;1.0;5.2;287.6;10.4;0.0;0.9
08/12/24;343;12.6;13:54;0.4;7:32;5.8;95.2;48.5;76.1;1.1;4.9;280.4;10.3;0.0;0.9
07/12/24;342;17.0;13:58;5.3;5:58;9.9;100.0;56.5;84.6;1.9;8.6;311.3;8.6;0.4;1.3
06/12/24;341;19.8;13:32;2.6;6:44;9.6;99.8;51.2;86.9;0.7;3.3;287.7;9.2;0.0;1.0
05/12/24;340;18.0;15:16;3.6;00:40;8.9;100.0;41.0;84.6;0.7;3.8;285.1;9.1;0.2;1.0
04/12/24;339;17.3;14:14;4.3;23:54;10.2;97.4;54.7;85.2;1.6;5.8;307.3;7.7;0.2;1.3
03/12/24;338;15.9;13:44;4.4;5:00;9.8;100.0;60.0;89.1;1.4;7.7;306.6;5.2;0.0;1.0
02/12/24;337;17.2;14:42;4.9;7:24;10.4;98.5;57.0;84.1;0.5;3.5;187.3;4.5;0.0;0.8
01/12/24;336;21.4;12:30;7.6;00:18;13.2;95.6;39.9;76.1;0.6;3.9;168.3;6.6;0.0;1.1
30/11/24;335;23.7;14:08;4.0;7:10;11.4;99.8;38.1;80.0;0.3;2.5;194.2;8.6;0.2;0.9
29/11/24;334;22.3;12:34;7.4;23:52;13.5;98.3;40.7;76.3;1.2;4.8;152.4;8.4;0.0;1.6
28/11/24;333;19.7;14:18;2.4;4:18;10.1;100.0;54.1;86.9;1.0;5.0;151.3;9.8;0.2;1.2
27/11/24;332;18.2;15:30;2.3;5:50;7.8;100.0;50.6;88.7;0.3;2.3;216.1;8.5;0.2;0.8
26/11/24;331;15.0;15:20;2.9;6:44;7.5;100.0;54.8;87.7;0.4;2.8;261.9;6.4;0.2;0.7
25/11/24;330;18.4;11:04;4.0;23:46;12.5;97.9;50.0;77.0;1.7;6.7;221.6;4.0;12.8;1.4
24/11/24;329;19.6;14:50;9.0;4:50;14.0;91.5;43.3;66.5;2.3;6.1;132.1;5.3;0.2;2.0
23/11/24;328;19.6;14:38;9.0;21:52;13.3;100.0;48.4;83.6;1.5;6.7;145.3;10.4;0.0;1.5
22/11/24;327;15.5;15:42;11.2;4:46;13.1;99.5;72.2;84.1;1.7;5.1;268.4;3.6;0.2;0.9
21/11/24;326;12.8;14:00;9.9;8:16;11.6;95.2;66.0;78.1;2.1;5.9;284.2;3.6;0.0;1.1
20/11/24;325;15.8;14:54;7.3;1:46;11.4;100.0;62.2;83.5;1.6;5.1;294.3;10.1;0.0;1.2
19/11/24;324;19.1;13:46;8.4;22:42;12.9;100.0;54.2;87.6;0.8;4.5;278.4;8.1;1.6;1.1
18/11/24;323;20.5;13:04;7.5;6:44;12.5;100.0;55.2;85.4;0.6;3.1;209.4;10.1;0.2;1.1
17/11/24;322;19.7;10:40;8.5;23:56;14.2;95.8;54.8;79.8;0.9;4.3;173.2;5.1;0.6;1.2
16/11/24;321;20.6;14:00;9.6;23:28;14.1;92.7;52.0;76.9;1.4;5.8;129.3;8.4;1.2;1.6
15/11/24;320;20.8;15:12;7.7;7:26;13.6;100.0;51.7;82.9;1.4;5.3;137.6;10.2;0.2;1.6
14/11/24;319;16.3;14:32;6.7;00:18;11.7;100.0;65.3;87.2;1.1;3.7;128.3;3.8;10.4;1.0
13/11/24;318;10.9;15:22;5.4;4:54;7.6;95.6;49.4;75.4;1.9;7.1;71.7;2.3;0.4;1.2
12/11/24;317;19.6;14:08;4.9;5:50;10.8;97.5;40.1;72.7;0.8;4.6;296.1;10.6;0.0;1.4
11/11/24;316;20.0;13:56;7.7;23:54;12.8;100.0;42.5;74.4;1.2;5.9;347.3;12.3;0.0;1.7
10/11/24;315;22.2;13:54;6.3;6:34;13.0;100.0;39.8;79.3;0.7;3.9;278.3;11.5;0.2;1.5
09/11/24;314;20.1;13:04;9.4;23:20;13.4;100.0;52.7;86.9;0.7;4.1;289.0;7.7;0.2;1.2
08/11/24;313;19.8;11:10;9.2;00:44;14.4;98.2;61.4;84.1;1.3;4.9;147.2;6.9;0.0;1.3
07/11/24;312;22.4;13:16;7.9;6:48;13.9;99.0;44.7;80.0;1.0;4.6;135.1;12.3;0.2;1.7
06/11/24;311;24.4;14:16;7.5;6:42;14.2;100.0;35.6;79.5;0.5;3.8;160.8;11.8;0.2;1.5
05/11/24;310;22.7;16:44;7.5;6:02;14.0;100.0;46.6;82.9;0.5;2.7;179.3;12.1;0.2;1.4
04/11/24;309;21.6;12:48;10.0;23:32;14.7;94.5;47.4;75.6;1.1;4.7;152.6;8.9;0.4;1.7
03/11/24;308;22.5;14:26;7.3;6:14;13.9;100.0;39.1;78.2;0.9;4.3;143.4;11.8;0.0;1.8
02/11/24;307;22.9;13:38;9.7;2:44;14.5;100.0;40.6;81.2;0.6;3.6;201.2;12.6;0.6;1.6
01/11/24;306;21.3;14:00;10.8;23:54;14.7;98.5;49.7;82.6;0.9;4.9;152.4;10.5;0.0;1.6
31/10/24;305;15.8;13:00;11.8;1:12;13.3;99.8;78.4;93.0;1.9;4.8;133.1;4.0;2.0;1.0
30/10/24;304;12.2;21:28;9.1;5:22;11.1;99.9;92.0;96.6;2.2;7.2;119.7;2.9;11.2;0.6
29/10/24;303;19.4;11:10;9.2;23:00;13.2;97.5;55.0;82.7;1.7;9.5;73.0;5.6;12.0;1.6
28/10/24;302;18.6;13:04;3.5;6:50;10.8;97.7;37.9;74.5;1.0;4.5;76.9;13.0;0.2;1.8
27/10/24;301;15.2;12:36;5.0;2:34;8.9;100.0;49.8;84.3;1.0;6.6;3.8;9.8;1.4;1.4
26/10/24;300;10.9;9:50;5.3;23:56;8.4;97.5;66.3;88.0;1.3;5.8;282.2;4.4;7.0;1.0
25/10/24;299;16.9;10:04;9.0;--:--;13.9;97.6;49.8;76.0;2.1;6.9;284.0;4.0;1.6;1.6
24/10/24;298;23.4;15:16;11.1;6:38;16.7;98.5;48.5;76.1;1.3;5.3;145.4;11.5;0.2;2.1
23/10/24;297;25.2;14:32;9.8;6:14;16.9;97.9;39.7;73.0;0.8;4.3;149.5;15.1;0.0;2.2
22/10/24;296;26.2;15:06;10.2;6:00;17.3;98.4;38.8;72.5;0.5;3.4;164.5;14.5;0.0;2.0
21/10/24;295;26.4;15:08;9.2;6:32;16.7;99.7;28.1;71.6;0.5;2.5;272.2;14.7;0.2;2.1
20/10/24;294;24.9;14:44;9.7;6:02;16.1;99.3;39.7;77.2;0.6;3.2;271.5;12.9;0.0;2.0
19/10/24;293;21.5;13:50;12.0;7:32;16.2;97.3;51.3;79.6;1.1;4.7;302.9;13.2;0.0;2.1
18/10/24;292;18.9;14:10;9.3;4:24;13.9;96.7;60.7;81.0;1.9;6.4;307.8;11.3;0.0;1.9
17/10/24;291;18.4;14:26;11.1;2:26;13.8;97.6;52.0;76.0;2.4;8.0;288.5;13.8;5.8;2.3
16/10/24;290;22.2;13:30;12.5;23:46;17.7;100.0;64.9;88.4;2.3;8.4;205.7;8.7;25.8;2.0
15/10/24;289;17.5;00:04;15.4;4:26;16.1;100.0;84.3;93.4;2.2;7.6;169.7;3.2;21.6;0.9
14/10/24;288;26.0;12:06;13.2;2:24;18.5;100.0;51.6;83.2;0.9;5.9;160.2;10.8;3.2;2.1
13/10/24;287;22.4;14:58;14.0;--:--;17.0;100.0;61.8;88.5;1.1;5.1;134.0;8.4;4.4;1.7
12/10/24;286;18.6;16:00;15.1;11:20;16.8;100.0;82.2;97.3;1.9;5.8;148.6;2.5;98.8;0.9
11/10/24;285;22.8;13:08;9.8;5:30;15.8;100.0;51.5;82.8;1.7;6.5;155.0;9.7;33.8;2.2
10/10/24;284;21.4;15:44;11.5;3:24;15.0;93.9;40.9;73.5;1.1;3.8;285.4;14.0;0.0;2.4
09/10/24;283;19.3;12:04;14.1;23:54;16.9;93.9;74.8;83.9;2.6;8.2;223.2;6.8;3.0;1.6
08/10/24;282;22.6;14:02;10.8;6:22;16.7;95.9;43.4;72.2;1.6;5.3;226.0;15.2;0.2;2.8
07/10/24;281;24.8;12:40;14.2;--:--;17.7;99.6;43.5;72.4;1.6;12.9;202.4;9.5;15.8;2.5
06/10/24;280;29.0;15:38;11.3;6:32;20.2;95.7;32.9;64.7;0.8;4.8;204.2;15.5;0.0;2.9
05/10/24;279;27.2;14:36;12.0;4:08;19.4;85.1;44.6;66.9;1.1;5.3;296.7;15.6;0.0;3.0
04/10/24;278;26.7;14:44;11.2;6:02;18.5;97.6;35.8;68.6;1.0;4.7;296.9;16.2;0.0;2.9
03/10/24;277;26.6;14:32;17.2;23:52;20.7;96.3;39.4;69.1;2.4;6.1;309.5;16.5;0.8;3.9
02/10/24;276;25.8;14:44;13.8;6:24;20.0;86.4;49.2;67.4;1.9;8.1;301.9;15.8;0.0;3.3
01/10/24;275;29.4;14:24;8.6;5:58;19.2;79.0;21.2;48.7;1.0;5.7;288.8;17.5;0.0;3.5
30/09/24;274;31.7;14:46;7.7;6:10;19.3;77.7;19.4;47.1;0.5;3.9;272.9;20.4;0.0;3.2
29/09/24;273;28.7;14:48;7.5;6:30;17.9;73.9;22.0;44.3;0.6;3.7;136.6;20.7;0.0;3.1
28/09/24;272;27.1;14:54;5.9;4:08;16.2;77.4;16.9;42.5;0.9;4.3;228.0;20.5;0.0;3.4
27/09/24;271;22.4;15:54;10.4;23:58;16.8;94.6;37.0;65.0;1.8;6.9;304.0;18.8;0.0;3.4
26/09/24;270;28.4;13:32;17.0;23:40;20.8;92.0;35.1;74.2;1.7;7.8;253.3;16.1;0.2;3.9
25/09/24;269;25.0;15:42;13.6;00:14;19.2;87.7;55.4;72.3;1.4;5.1;184.2;10.4;0.0;2.5
24/09/24;268;23.2;15:26;8.3;6:28;15.5;77.5;34.4;55.6;0.9;4.3;274.7;11.7;0.0;2.5
23/09/24;267;26.4;14:08;9.3;6:30;17.6;86.7;26.3;54.5;0.9;5.2;280.3;19.4;0.0;3.4
22/09/24;266;25.0;14:16;12.4;6:12;18.9;84.3;41.6;60.1;0.7;3.7;252.1;12.0;0.0;2.4
21/09/24;265;26.0;12:58;16.4;6:24;20.1;90.0;35.7;63.1;1.3;5.1;231.7;13.4;1.0;3.1
20/09/24;264;27.3;13:40;15.4;6:06;20.9;83.9;33.9;60.6;1.2;6.0;184.1;16.7;0.2;3.5
19/09/24;263;28.3;15:00;16.7;5:18;21.8;79.0;33.4;55.2;1.2;5.3;180.1;18.0;0.0;3.8
18/09/24;262;29.1;13:52;13.9;6:28;21.1;91.2;29.9;57.8;1.1;5.1;184.9;20.1;0.0;3.9
17/09/24;261;30.9;14:04;10.1;5:36;20.8;78.8;20.4;40.3;1.1;5.2;197.7;21.3;0.0;4.3
16/09/24;260;34.9;15:00;12.4;5:32;23.1;72.8;10.1;35.9;0.7;3.7;269.7;22.5;0.0;4.2
15/09/24;259;33.2;13:50;14.2;6:04;23.3;82.2;20.5;48.3;0.6;3.8;154.0;22.7;0.0;4.1
14/09/24;258;31.7;15:28;16.3;5:12;23.4;81.9;32.4;51.2;1.1;6.3;168.7;20.9;0.0;4.4
13/09/24;257;33.1;13:52;11.8;5:08;23.2;70.9;20.2;37.5;1.2;8.3;97.6;23.0;0.0;4.9
12/09/24;256;32.3;13:36;10.6;5:58;21.6;57.5;16.5;36.0;0.8;5.4;278.1;22.3;0.0;4.2
11/09/24;255;33.3;13:24;11.0;6:02;22.2;77.7;14.6;42.7;0.9;4.6;281.1;21.9;0.0;4.5
10/09/24;254;32.2;14:30;9.8;5:50;21.6;76.9;17.5;44.6;0.6;3.6;261.8;23.9;0.0;4.1
09/09/24;253;30.7;15:32;9.5;5:50;20.5;79.7;20.6;45.7;0.7;3.9;260.7;24.2;0.0;4.2
08/09/24;252;28.5;14:50;12.2;5:50;20.7;59.3;26.3;39.7;1.2;6.4;289.1;24.0;0.0;4.6
07/09/24;251;26.8;13:04;8.0;5:20;18.8;72.1;16.4;38.1;1.0;5.1;260.6;19.7;0.0;3.8
06/09/24;250;29.7;15:38;11.9;6:14;20.6;63.9;20.1;38.3;1.3;5.9;287.0;24.3;0.0;4.9
05/09/24;249;32.9;13:34;11.2;5:32;22.9;67.1;20.3;39.3;1.3;5.6;219.2;23.7;0.0;5.2
04/09/24;248;31.7;15:30;11.2;4:56;21.5;72.2;13.8;42.0;0.9;5.3;283.9;25.0;0.0;4.7
03/09/24;247;31.2;13:56;14.8;5:58;23.3;82.4;17.4;46.7;1.1;5.3;223.5;24.4;0.0;4.9
02/09/24;246;33.7;15:04;16.6;5:54;25.2;68.1;24.9;42.7;1.0;5.0;249.7;24.3;0.0;5.1
01/09/24;245;32.7;15:02;19.4;23:28;25.6;68.4;29.9;47.2;0.8;5.3;246.0;16.8;0.0;3.9
31/08/24;244;33.2;15:56;20.4;5:46;26.7;69.9;30.7;50.3;1.0;4.5;231.4;17.4;0.0;4.3
30/08/24;243;34.1;14:26;18.2;6:08;26.2;75.3;30.7;51.0;0.8;5.0;201.3;17.4;0.0;4.1
29/08/24;242;33.5;14:58;20.4;6:12;26.4;77.9;31.9;51.4;1.1;5.3;204.4;21.3;0.0;4.9
28/08/24;241;34.9;14:08;17.5;5:36;27.5;65.4;24.4;43.8;1.2;5.9;215.2;24.3;0.0;5.5
27/08/24;240;36.4;15:48;16.5;5:50;27.3;71.8;21.3;41.5;0.8;3.5;231.6;24.9;0.0;5.2
26/08/24;239;36.9;13:54;16.4;5:44;27.1;58.8;17.8;37.2;0.8;4.8;208.0;24.1;0.0;5.2
25/08/24;238;37.5;15:14;17.5;5:44;27.5;69.8;17.0;38.6;0.9;4.9;295.9;25.4;0.0;5.6
24/08/24;237;36.9;16:14;17.1;6:08;27.5;62.3;18.4;36.4;0.8;4.1;258.1;24.3;0.0;5.2
23/08/24;236;37.4;13:08;16.8;5:20;27.2;53.2;13.2;32.1;0.8;5.8;210.5;25.1;0.0;5.3
22/08/24;235;36.4;16:00;19.9;5:58;28.2;66.7;22.6;39.9;1.0;4.1;218.7;21.4;0.0;5.2
21/08/24;234;37.3;13:26;17.8;5:52;28.4;62.2;22.0;39.5;1.1;5.5;218.8;25.8;0.0;5.9
20/08/24;233;38.1;14:54;18.5;5:54;29.1;66.6;18.8;39.4;0.9;5.4;256.5;24.4;0.0;5.6
19/08/24;232;38.6;15:16;18.9;5:54;29.6;60.6;15.2;35.7;1.2;5.5;281.4;26.8;0.0;6.4
18/08/24;231;37.5;13:42;18.6;3:58;28.3;60.0;19.2;35.7;1.2;5.6;306.4;26.8;0.0;6.3
17/08/24;230;38.7;15:02;15.1;4:18;27.4;47.1;11.0;27.2;0.9;5.1;241.7;26.6;0.0;5.8
16/08/24;229;37.3;15:10;13.2;5:42;26.4;42.3;8.8;22.0;0.9;4.9;313.8;28.0;0.0;5.8
15/08/24;228;36.2;15:22;15.7;5:12;26.4;59.2;6.6;28.8;1.1;4.9;302.1;27.6;0.0;6.1
14/08/24;227;34.1;16:28;15.4;5:26;24.9;72.5;19.7;40.4;1.2;5.2;299.2;27.6;0.0;6.0
13/08/24;226;32.3;15:54;16.0;6:08;24.8;75.4;12.7;40.4;1.9;6.0;307.8;24.6;0.0;6.4
12/08/24;225;37.4;15:22;18.0;5:34;28.4;74.2;10.2;38.5;1.0;4.9;217.7;27.8;0.0;6.2
11/08/24;224;37.9;14:54;20.0;5:30;29.6;70.8;13.0;38.9;1.3;6.1;204.0;27.8;0.0;6.7
10/08/24;223;40.7;13:52;18.5;5:38;30.1;61.1;11.6;30.9;1.1;4.9;162.8;27.7;0.0;6.7
09/08/24;222;39.4;14:54;17.1;5:20;29.2;68.6;9.2;33.5;0.9;5.0;154.1;27.8;0.0;6.2
08/08/24;221;39.1;14:42;16.9;5:12;29.1;58.6;13.3;33.3;1.0;5.3;207.8;27.4;0.0;6.3
07/08/24;220;39.5;15:22;16.7;5:56;29.3;66.1;13.4;30.7;0.8;5.0;204.3;27.9;0.0;6.1
06/08/24;219;38.7;16:00;17.0;5:20;29.2;57.2;11.6;30.5;0.9;4.5;223.3;28.1;0.0;6.2
05/08/24;218;39.5;15:10;18.2;5:40;29.7;54.2;13.4;30.9;0.8;4.3;210.5;27.9;0.0;6.1
04/08/24;217;39.1;15:14;17.0;5:40;29.2;57.2;12.4;31.1;0.8;4.2;207.2;28.2;0.0;6.1
03/08/24;216;38.2;14:48;16.0;5:20;27.8;70.8;12.0;35.3;0.8;4.6;254.3;28.5;0.0;6.1
02/08/24;215;34.7;15:04;14.5;5:38;25.7;68.7;16.5;38.0;1.4;6.3;297.7;29.2;0.0;6.7
01/08/24;214;39.7;14:46;17.2;5:22;28.9;60.7;10.6;31.8;1.1;5.9;290.9;29.1;0.0;6.9
31/07/24;213;39.6;14:44;17.8;5:42;29.6;69.2;12.4;36.0;0.9;5.4;249.0;29.2;0.0;6.5
30/07/24;212;37.9;15:36;21.5;5:30;29.6;74.4;19.2;43.2;1.2;5.9;246.6;28.1;0.0;6.8
29/07/24;211;39.9;15:56;21.0;4:14;30.5;67.9;13.7;38.7;1.6;6.6;134.8;18.7;0.0;6.5
28/07/24;210;38.5;14:58;17.4;5:32;28.9;56.6;16.6;32.6;1.2;5.5;176.7;26.7;0.0;6.6
27/07/24;209;37.9;16:04;18.8;2:38;28.6;51.5;10.4;26.8;1.1;4.6;188.6;29.6;0.0;6.8
26/07/24;208;37.6;14:50;16.8;5:04;28.5;65.8;13.0;32.8;1.0;4.7;198.1;29.6;0.0;6.6
25/07/24;207;39.3;14:38;17.6;5:12;29.8;50.4;8.9;28.8;1.2;7.5;236.8;29.5;0.0;7.0
24/07/24;206;42.2;15:42;17.2;4:50;31.2;53.7;8.6;25.6;0.9;5.0;192.0;29.7;0.0;6.8
23/07/24;205;39.5;15:46;20.0;5:36;29.9;65.0;10.0;32.5;1.0;5.3;176.8;30.2;0.0;6.9
22/07/24;204;38.6;16:06;14.1;4:50;28.0;48.4;13.8;30.6;1.0;4.5;172.8;29.7;0.0;6.7
21/07/24;203;35.0;16:34;17.9;5:26;25.6;75.7;15.0;41.8;1.4;6.0;294.3;30.5;0.0;7.1
20/07/24;202;36.1;14:26;16.7;5:16;27.8;66.1;13.2;35.4;1.9;6.8;310.8;30.5;0.0;7.8
19/07/24;201;40.4;13:40;16.9;4:46;29.5;68.3;11.2;35.7;1.0;6.0;251.0;28.7;0.0;6.8
18/07/24;200;36.5;12:48;15.3;4:56;26.8;55.5;14.0;32.2;0.7;4.3;240.4;17.7;0.0;4.5
17/07/24;199;37.6;14:18;12.1;5:28;26.6;50.3;8.7;23.5;1.0;5.2;209.0;30.6;0.0;6.6
16/07/24;198;35.2;16:08;14.4;5:40;25.1;67.4;7.6;32.7;1.0;4.1;306.4;31.2;0.0;6.5
15/07/24;197;33.3;14:42;14.5;5:16;24.5;68.0;28.8;44.2;1.4;6.3;301.1;29.4;0.0;6.5
14/07/24;196;34.6;14:28;11.6;5:10;24.8;55.1;12.2;28.5;1.1;4.9;233.4;31.1;0.0;6.6
13/07/24;195;34.5;16:16;14.1;5:16;25.4;66.5;14.5;32.7;1.3;6.2;220.0;30.8;0.0;6.8
12/07/24;194;35.2;15:32;16.8;5:16;26.1;71.0;9.8;35.0;1.4;5.3;297.2;31.7;0.0;7.3
11/07/24;193;37.3;15:56;19.2;4:44;28.5;70.2;20.8;42.3;1.6;7.2;297.9;30.7;0.0;7.7
10/07/24;192;37.1;15:42;15.8;5:18;27.2;72.7;20.1;42.3;0.8;4.7;291.7;30.5;0.0;6.5
09/07/24;191;35.1;14:58;12.8;5:16;25.1;67.6;11.0;33.9;1.0;5.0;230.2;30.8;0.0;6.5
08/07/24;190;32.9;15:30;10.2;5:14;23.2;67.0;14.7;35.7;1.0;5.5;214.4;31.2;0.0;6.3
07/07/24;189;32.0;14:32;10.8;5:30;22.4;75.3;13.9;37.9;1.1;5.4;231.7;31.6;0.0;6.4
06/07/24;188;32.2;15:44;17.2;5:28;24.1;82.2;20.6;48.5;1.9;6.6;240.9;29.6;0.0;7.1
05/07/24;187;37.4;14:40;20.2;5:12;29.3;51.3;13.5;28.8;1.8;5.9;195.4;30.1;0.0;8.0
04/07/24;186;40.1;14:22;15.6;5:00;29.5;60.5;11.8;28.8;0.9;4.8;193.4;30.9;0.0;6.9
03/07/24;185;38.4;15:44;14.9;4:38;27.8;66.9;12.2;33.3;0.9;4.8;287.6;31.3;0.0;6.8
02/07/24;184;35.9;14:12;14.4;5:30;26.3;72.1;15.2;37.6;1.0;4.9;269.6;31.2;0.0;6.7
01/07/24;183;32.3;15:46;12.6;5:10;22.9;88.4;20.2;49.3;0.9;4.3;300.6;31.0;0.0;6.1
30/06/24;182;27.9;15:44;14.4;5:04;20.8;89.1;31.9;58.2;1.4;5.4;314.4;26.3;0.0;5.4
29/06/24;181;25.6;14:02;16.0;00:54;19.8;86.1;48.3;69.3;1.6;5.3;220.2;16.9;0.0;3.9
28/06/24;180;26.8;14:34;15.6;21:26;19.4;86.2;35.3;63.5;1.2;6.2;178.2;20.5;0.0;4.4
27/06/24;179;26.7;15:16;14.7;5:52;19.9;96.4;43.8;67.3;1.0;4.9;210.8;18.1;7.4;3.8
26/06/24;178;29.2;11:00;15.7;4:48;22.7;74.9;35.8;54.5;1.3;5.8;188.0;19.0;0.0;4.6
25/06/24;177;35.6;15:34;18.7;5:24;27.6;57.7;24.8;38.9;1.3;4.5;209.5;30.7;0.0;7.1
24/06/24;176;36.7;15:22;16.0;5:10;27.4;66.8;18.4;35.5;1.0;4.6;201.1;30.4;0.0;6.7
23/06/24;175;36.3;15:42;15.4;4:00;26.9;63.8;15.5;34.4;0.9;4.4;276.5;31.1;0.0;6.6
22/06/24;174;35.1;15:14;13.0;4:16;24.4;76.9;14.6;38.9;1.0;5.9;295.9;29.9;0.0;6.5
21/06/24;173;31.2;15:30;10.2;5:00;21.1;91.9;19.2;50.2;0.9;4.2;283.8;32.1;0.0;6.1
20/06/24;172;24.3;16:50;8.3;5:04;16.5;97.2;34.2;66.8;1.3;5.3;297.8;26.3;0.0;4.8
19/06/24;171;22.3;13:54;9.4;4:24;15.3;94.1;40.8;73.5;1.4;7.0;177.9;22.2;4.8;4.1
18/06/24;170;23.1;13:14;12.5;4:50;18.0;92.4;50.3;64.6;1.7;5.9;205.6;16.6;1.4;3.6
17/06/24;169;33.0;15:24;11.9;5:02;23.3;83.8;12.6;42.5;1.1;5.4;265.0;32.3;0.0;6.6
16/06/24;168;31.5;15:56;10.0;4:24;22.0;78.0;17.8;40.7;1.2;4.8;300.4;32.2;0.0;6.5
15/06/24;167;29.7;14:40;14.3;4:34;22.1;83.3;14.4;40.2;1.8;6.7;305.9;32.3;0.0;7.0
14/06/24;166;33.5;14:24;9.8;4:58;23.5;72.4;14.6;37.7;1.2;6.3;275.5;32.0;0.0;6.7
13/06/24;165;30.7;15:42;10.6;4:54;22.0;90.6;15.8;46.2;1.0;4.6;206.3;32.2;0.0;6.2
12/06/24;164;29.6;15:34;12.6;4:16;20.8;96.9;25.5;61.8;1.5;6.3;200.0;29.3;0.0;6.1
11/06/24;163;27.4;14:24;11.8;3:38;18.7;98.4;37.0;74.0;1.0;6.5;181.9;20.2;3.4;4.2
10/06/24;162;26.4;13:46;12.8;4:44;18.0;95.6;39.8;76.9;1.0;5.9;210.6;15.3;7.0;3.5
09/06/24;161;26.4;15:42;11.5;4:30;18.9;86.8;33.6;61.3;1.2;5.3;223.3;21.9;0.0;4.5
08/06/24;160;24.4;14:24;15.4;5:36;19.3;82.7;38.0;59.4;1.7;5.5;225.2;25.4;0.0;5.1
07/06/24;159;30.7;11:20;17.7;24:00;22.9;73.5;33.3;53.0;1.6;5.6;204.5;21.2;0.0;5.4
06/06/24;158;36.3;14:16;13.6;4:46;25.8;67.1;15.2;35.5;0.8;5.2;169.1;24.1;0.0;5.5
05/06/24;157;33.3;15:02;14.2;4:04;24.5;75.6;14.6;39.5;1.0;8.0;181.8;30.7;0.0;6.3
04/06/24;156;32.2;14:52;14.6;4:00;23.9;69.1;22.5;42.8;1.1;5.4;186.3;26.9;0.0;5.9
03/06/24;155;31.6;16:20;16.0;4:38;23.6;58.9;23.5;39.2;1.4;5.2;181.5;28.6;0.0;6.4
02/06/24;154;31.5;15:56;14.9;5:08;23.4;87.3;30.3;52.1;1.3;4.7;169.9;28.6;0.0;6.1
01/06/24;153;33.6;15:30;15.6;4:30;24.9;82.2;24.9;47.4;1.3;4.6;180.7;28.1;0.0;6.4
31/05/24;152;36.7;15:06;13.8;5:22;25.6;67.9;16.5;39.8;0.9;7.6;239.8;25.4;0.2;5.9
30/05/24;151;36.8;14:48;12.6;4:52;25.8;73.6;13.6;37.6;0.7;4.7;276.5;30.3;0.0;6.2
29/05/24;150;35.4;17:10;11.7;5:12;24.6;73.9;14.2;40.5;0.7;4.7;180.3;30.9;0.0;6.1
28/05/24;149;33.8;17:46;8.5;5:26;22.7;74.8;12.7;37.7;0.6;5.0;229.5;31.1;0.0;5.7
27/05/24;148;32.0;15:36;10.5;5:04;21.9;76.1;9.1;38.1;1.0;4.8;294.4;31.7;0.0;6.2
26/05/24;147;31.7;15:40;9.8;5:28;21.5;71.0;20.8;41.6;1.1;4.4;292.0;29.9;0.0;6.1
25/05/24;146;32.8;15:48;8.6;4:54;21.0;81.5;13.7;40.0;0.9;6.2;285.5;30.9;0.0;6.0
24/05/24;145;31.5;16:28;6.6;5:14;20.2;83.4;14.2;42.6;0.8;4.4;250.3;31.2;0.0;5.8
23/05/24;144;28.0;15:04;8.2;5:14;18.6;75.8;20.4;43.7;0.8;4.0;281.7;27.8;0.0;5.0
22/05/24;143;24.9;15:28;5.3;5:28;16.3;89.3;23.6;52.2;1.1;5.8;302.9;30.9;0.0;5.2
21/05/24;142;22.7;14:10;7.4;4:52;15.0;88.5;30.9;57.5;1.7;7.0;308.4;26.0;0.0;4.8
20/05/24;141;23.2;15:04;6.7;5:38;15.4;87.7;25.7;54.3;1.2;6.2;303.2;27.9;0.0;4.8
19/05/24;140;22.8;14:14;6.1;5:20;15.2;89.7;27.4;55.6;1.4;7.3;308.6;28.5;0.0;4.9
18/05/24;139;24.5;15:12;5.2;5:38;15.7;90.5;21.2;52.5;1.2;4.8;305.3;31.0;0.0;5.2
17/05/24;138;23.0;15:00;8.7;--:--;15.8;86.5;30.7;58.4;1.5;5.2;289.5;26.4;0.0;4.8
16/05/24;137;21.2;14:12;3.8;5:16;13.7;90.1;37.0;62.7;1.5;6.7;283.1;19.9;0.0;3.7
15/05/24;136;20.7;14:04;3.9;5:20;12.9;90.6;30.0;55.9;2.0;6.2;301.4;29.4;0.0;4.9
14/05/24;135;20.8;13:34;9.0;5:32;14.9;84.9;31.7;57.0;2.7;7.7;306.8;28.9;0.0;5.2
13/05/24;134;29.5;14:12;9.4;5:32;20.0;85.2;23.8;53.4;1.4;5.9;263.4;26.6;0.0;5.6
12/05/24;133;30.1;14:10;9.3;5:28;19.7;89.0;25.3;56.2;0.7;5.2;289.4;26.0;0.0;4.8
11/05/24;132;28.9;16:16;9.4;5:16;20.4;71.9;17.2;35.6;1.3;5.4;187.6;28.2;0.0;5.7
10/05/24;131;29.1;14:52;8.5;5:22;19.9;71.6;13.1;38.6;1.2;4.8;161.1;30.3;0.0;5.8
09/05/24;130;27.4;14:32;7.1;4:34;17.4;88.7;18.0;50.8;1.1;5.1;143.8;24.4;0.0;4.8
08/05/24;129;28.6;14:48;8.2;5:54;18.0;80.9;17.0;48.7;0.8;3.9;166.9;28.5;0.0;5.1
07/05/24;128;26.3;14:56;4.5;5:10;16.0;93.4;25.7;56.5;0.8;4.1;275.4;29.7;0.0;4.9
06/05/24;127;22.6;16:04;8.6;--:--;15.7;95.1;35.0;66.8;1.1;4.4;298.9;24.0;0.0;4.1
05/05/24;126;24.0;14:56;7.6;3:06;16.6;96.0;43.8;69.9;1.1;5.6;250.2;22.2;0.0;3.9
04/05/24;125;26.4;15:56;3.2;5:14;15.6;96.5;24.0;59.3;0.7;4.4;226.8;29.1;0.0;4.7
03/05/24;124;21.5;16:34;2.0;5:08;12.0;96.5;28.5;64.3;0.7;3.5;267.3;28.6;0.0;4.1
02/05/24;123;17.1;15:02;1.2;6:00;9.4;98.4;36.8;69.2;1.0;4.6;299.4;25.8;0.0;3.5
01/05/24;122;15.2;13:44;4.5;23:42;10.0;97.4;44.4;75.5;2.6;8.5;300.1;22.2;4.8;3.4
30/04/24;121;16.2;13:04;2.8;5:46;10.3;95.3;50.6;81.5;1.5;5.6;263.0;17.0;2.2;2.7
29/04/24;120;19.6;14:30;2.0;5:10;11.1;95.4;30.2;62.8;1.1;5.6;285.7;26.5;0.0;3.9
28/04/24;119;17.9;14:38;2.3;5:28;10.2;99.0;36.3;68.2;0.8;4.3;291.0;21.6;0.0;3.1
27/04/24;118;17.2;12:44;4.4;23:42;11.1;94.7;44.1;76.5;1.5;6.1;235.1;17.2;4.0;2.9
26/04/24;117;16.3;15:38;5.2;4:12;11.1;97.2;50.2;76.2;1.4;4.9;256.4;14.9;0.0;2.5
25/04/24;116;21.3;14:40;3.2;5:20;12.6;97.4;31.8;66.1;1.5;6.5;292.3;23.2;0.0;4.0
24/04/24;115;21.3;14:18;2.2;4:32;12.1;93.0;29.3;62.7;0.7;3.6;285.4;28.1;0.0;4.0
23/04/24;114;18.6;15:52;4.8;23:58;11.6;86.0;30.2;49.3;1.4;5.2;13.3;28.7;0.0;4.2
22/04/24;113;22.6;15:36;6.2;5:34;14.2;100.0;28.9;70.8;0.8;4.7;321.5;27.3;0.2;4.1
21/04/24;112;22.6;14:10;9.0;--:--;14.5;100.0;47.4;83.8;0.9;5.6;194.1;22.9;3.2;3.6
20/04/24;111;25.5;15:20;11.0;5:54;16.1;99.3;31.7;71.2;1.0;6.5;187.4;23.6;19.6;4.2
19/04/24;110;23.1;15:48;10.5;5:16;16.2;100.0;39.6;72.4;1.5;7.0;165.3;24.9;0.0;4.3
18/04/24;109;25.4;14:26;8.6;5:14;16.2;100.0;43.5;81.4;0.8;3.5;173.4;21.1;0.0;3.6
17/04/24;108;27.1;16:28;7.1;5:56;17.3;95.6;34.1;68.3;0.7;4.0;267.7;24.9;0.0;4.2
16/04/24;107;26.9;15:10;8.0;5:26;17.3;97.8;23.6;64.9;1.0;5.1;286.3;26.8;0.0;4.6
15/04/24;106;27.8;14:22;6.6;4:36;17.1;93.7;33.2;68.1;0.7;4.2;278.8;26.6;0.0;4.4
14/04/24;105;26.7;16:22;5.8;5:26;16.2;95.2;29.9;65.5;0.7;3.3;161.0;26.8;0.0;4.3
13/04/24;104;26.3;13:16;4.6;5:58;15.6;92.4;32.1;64.4;0.8;4.3;280.9;26.8;0.0;4.3
12/04/24;103;23.8;14:12;5.5;5:46;15.2;94.0;30.9;63.5;1.2;4.8;130.0;27.0;0.0;4.3
11/04/24;102;23.2;14:24;8.4;00:50;16.1;89.6;40.0;60.7;1.8;6.6;49.2;26.0;0.0;4.4
10/04/24;101;21.1;14:26;1.6;5:58;12.3;95.6;30.0;65.2;0.8;3.7;323.2;26.0;0.0;3.7
09/04/24;100;17.2;14:54;2.9;5:50;10.3;90.6;34.4;64.4;1.5;4.7;9.9;26.4;0.0;3.6
08/04/24;99;17.7;11:18;6.4;5:24;11.8;98.8;48.4;81.1;1.6;9.4;282.9;16.9;2.6;2.8
07/04/24;98;22.0;15:14;9.9;4:00;16.0;97.8;56.4;78.1;1.2;4.2;296.3;21.1;0.0;3.4
06/04/24;97;24.2;14:56;11.8;6:28;17.6;93.5;34.7;55.7;1.3;5.9;178.1;12.4;0.0;3.0
05/04/24;96;24.8;15:52;3.7;6:04;15.6;99.6;34.0;65.2;1.5;6.6;170.6;23.1;0.2;4.1
04/04/24;95;23.8;14:16;4.2;6:20;13.1;100.0;27.2;76.5;1.0;5.2;173.0;22.4;0.2;3.7
03/04/24;94;19.0;14:36;8.2;23:22;13.4;97.2;53.6;78.6;1.2;4.6;191.5;20.5;0.0;3.0
02/04/24;93;17.3;14:04;3.1;5:48;10.5;100.0;43.4;78.9;1.6;5.9;174.8;19.2;0.0;2.9
01/04/24;92;15.8;15:08;4.8;3:50;9.6;98.7;47.6;79.4;1.7;6.9;233.7;18.0;2.0;2.7
31/03/24;91;10.8;15:30;5.2;23:56;7.6;99.9;73.0;90.3;2.0;7.7;213.7;9.5;18.0;1.4
30/03/24;90;11.5;15:52;6.2;4:44;7.9;99.9;78.7;91.9;2.1;6.4;193.3;7.1;14.2;1.2
29/03/24;89;12.6;00:38;6.2;21:42;8.9;100.0;62.8;89.4;2.4;10.7;237.6;11.4;53.4;1.8
28/03/24;88;14.7;13:04;8.9;6:26;11.6;96.5;83.4;91.8;3.4;9.5;220.2;8.4;30.6;1.4
27/03/24;87;15.1;11:56;7.4;2:40;10.5;96.6;64.2;85.2;4.0;9.1;244.4;11.0;8.2;2.1
26/03/24;86;10.7;14:46;4.0;5:30;7.1;92.4;54.6;76.5;3.7;9.8;282.6;14.2;2.0;2.2
25/03/24;85;14.4;15:12;7.4;23:56;11.8;100.0;70.2;89.9;2.4;6.9;215.9;5.8;12.8;1.4
24/03/24;84;19.7;14:00;9.0;4:28;14.3;97.4;48.7;79.9;0.8;4.9;187.5;6.4;0.4;1.6
23/03/24;83;25.7;16:46;11.6;--:--;18.9;83.2;34.6;55.3;1.3;5.3;159.8;15.6;0.0;3.4
22/03/24;82;25.0;14:18;12.4;7:34;18.6;79.0;35.4;54.1;1.3;5.8;135.6;14.7;0.0;3.3
21/03/24;81;22.0;13:14;9.8;00:30;16.1;100.0;44.5;70.5;2.4;7.4;108.0;13.9;1.2;3.1
20/03/24;80;19.4;13:40;7.8;5:02;13.5;98.7;58.8;80.1;1.4;4.9;173.2;15.8;0.0;2.5
19/03/24;79;23.8;12:48;10.4;2:34;16.9;90.8;35.3;62.2;1.4;6.2;167.3;16.7;0.0;3.3
18/03/24;78;24.8;15:14;5.8;6:16;14.4;99.0;26.1;76.2;0.7;2.4;142.1;13.7;0.0;2.6
17/03/24;77;23.8;15:34;6.0;6:22;14.3;98.8;30.5;72.6;1.0;4.8;184.3;16.5;0.0;2.9
16/03/24;76;22.9;14:12;5.7;4:38;13.3;100.0;42.5;80.3;0.9;4.3;175.6;17.1;0.2;2.7
15/03/24;75;19.9;15:20;2.6;6:52;12.0;100.0;46.9;79.9;0.9;4.6;278.4;18.8;0.0;2.6
14/03/24;74;18.8;14:14;5.8;1:06;11.9;98.8;52.0;78.8;1.1;5.1;241.4;14.6;0.0;2.2
13/03/24;73;20.0;15:16;3.0;5:42;10.5;98.3;35.3;73.0;1.4;4.7;162.1;15.6;0.0;2.7
12/03/24;72;17.7;15:36;0.2;6:22;8.6;100.0;38.6;78.5;1.2;5.5;155.9;17.9;0.2;2.5
11/03/24;71;14.4;15:10;3.7;23:30;8.8;97.9;50.5;79.1;2.5;7.2;308.4;17.9;0.0;2.4
10/03/24;70;13.7;15:04;6.0;2:40;8.9;97.8;59.9;79.7;3.7;11.3;274.2;13.8;3.4;2.1
09/03/24;69;10.1;3:00;4.5;20:40;7.3;98.2;65.8;85.2;3.3;9.6;253.2;6.5;8.8;1.3
08/03/24;68;11.8;14:10;4.3;7:04;7.9;98.8;53.5;81.0;3.1;9.2;218.8;11.9;15.8;1.9
07/03/24;67;12.0;10:26;3.1;21:52;7.2;96.9;69.2;88.2;2.6;9.6;187.3;6.4;20.2;1.3
06/03/24;66;17.6;13:52;-2.0;5:52;6.8;100.0;31.6;75.9;1.0;4.6;165.0;17.1;0.2;2.3
05/03/24;65;13.6;15:46;-0.8;6:28;6.0;100.0;49.9;83.6;1.1;5.3;302.1;16.2;0.2;1.9
04/03/24;64;15.4;14:40;4.4;23:34;9.7;100.0;60.7;85.9;1.9;7.2;261.9;8.6;0.2;1.6
03/03/24;63;11.3;16:00;4.1;3:40;7.0;93.1;57.3;78.2;3.5;9.6;303.0;12.2;0.0;1.9
02/03/24;62;13.1;13:10;0.6;3:20;7.3;100.0;53.6;84.4;3.4;13.7;236.0;10.6;5.2;1.9
01/03/24;61;13.0;15:38;-0.5;4:38;6.1;96.3;50.2;73.2;2.3;8.5;313.3;16.7;0.0;2.1
29/02/24;60;14.5;16:42;-1.2;6:42;6.8;100.0;56.2;79.9;2.5;11.2;295.2;16.0;0.0;2.1
28/02/24;59;14.0;13:30;-2.2;6:48;5.9;97.4;41.5;73.7;1.8;8.3;290.5;17.0;0.2;2.2
27/02/24;58;11.8;15:08;2.2;7:10;6.4;84.7;39.9;65.8;3.6;9.0;317.8;16.3;0.0;2.5
26/02/24;57;11.0;2:46;4.0;23:50;8.4;100.0;55.2;79.3;5.5;15.3;304.9;11.0;8.0;1.9
25/02/24;56;15.4;14:48;5.7;1:18;10.4;98.4;70.8;83.9;3.0;8.9;245.9;9.8;1.6;1.6
24/02/24;55;11.8;13:06;4.5;6:38;7.7;91.2;54.5;76.0;3.8;9.2;301.4;12.1;0.0;2.0
23/02/24;54;11.7;15:42;4.0;6:30;7.6;95.2;52.6;77.1;4.1;9.1;299.3;11.1;0.0;2.0
22/02/24;53;15.7;15:54;4.6;7:42;10.9;100.0;54.7;85.4;2.7;11.3;274.4;11.1;0.8;2.0
21/02/24;52;19.6;12:56;0.8;6:58;10.3;100.0;40.9;80.5;1.2;7.2;291.1;14.9;0.2;2.1
20/02/24;51;20.5;14:18;3.9;6:46;11.4;98.9;44.9;78.5;1.0;3.9;293.7;15.6;0.2;2.1
19/02/24;50;18.9;15:02;1.6;6:20;10.6;100.0;44.7;80.7;1.2;5.4;305.8;14.9;0.0;2.0
18/02/24;49;19.0;13:58;1.2;7:00;9.4;100.0;37.6;80.5;0.9;4.3;285.2;14.7;0.2;1.9
17/02/24;48;16.8;12:32;2.0;6:52;8.9;100.0;47.5;82.3;1.1;4.7;298.4;14.7;0.2;1.8
16/02/24;47;15.0;15:02;5.5;22:34;10.1;98.3;62.3;85.7;2.4;7.5;313.9;12.4;0.0;1.7
15/02/24;46;17.9;12:58;9.2;23:14;13.1;100.0;52.0;78.8;2.4;14.7;172.4;4.4;5.8;1.7
14/02/24;45;21.2;14:20;6.1;6:48;13.2;100.0;43.2;80.5;1.7;7.1;145.1;10.2;0.2;2.2
13/02/24;44;19.2;16:30;4.4;5:38;11.5;100.0;64.4;92.8;1.0;4.3;155.2;9.8;0.0;1.4
12/02/24;43;17.2;15:04;6.6;23:52;12.8;100.0;58.3;86.3;2.8;11.7;276.7;10.6;3.4;1.9
11/02/24;42;11.3;23:58;1.8;3:20;5.9;100.0;89.2;97.7;1.9;6.3;133.8;3.9;8.4;0.6
10/02/24;41;11.4;14:32;3.0;23:56;8.4;92.3;60.9;81.0;4.4;13.7;295.8;9.8;1.0;1.7
09/02/24;40;13.3;15:30;9.4;5:26;10.6;100.0;72.8;91.9;3.9;12.7;214.4;3.4;32.2;1.1
08/02/24;39;12.2;14:20;6.2;3:48;9.9;100.0;54.9;87.7;3.1;11.2;176.1;4.2;11.4;1.4
07/02/24;38;15.5;14:56;1.8;1:38;8.7;100.0;62.9;87.6;1.2;3.9;168.9;8.0;0.0;1.2
06/02/24;37;16.6;16:00;2.6;23:44;8.5;100.0;46.5;81.6;1.2;5.7;280.0;11.4;0.2;1.5
05/02/24;36;18.8;13:22;-0.2;6:58;8.0;100.0;39.0;81.5;0.7;3.4;274.3;11.3;0.0;1.4
04/02/24;35;19.6;15:20;-0.9;7:32;7.6;100.0;30.6;80.4;0.7;3.6;269.8;12.8;0.2;1.5
03/02/24;34;17.4;14:34;0.6;6:34;7.7;100.0;43.7;79.6;0.9;3.8;144.1;12.4;0.0;1.4
02/02/24;33;19.8;14:16;-0.4;7:04;7.9;100.0;36.5;78.1;0.7;3.2;301.4;12.5;0.0;1.5
01/02/24;32;15.7;15:10;-0.7;6:46;7.5;100.0;50.6;81.3;1.0;4.2;301.5;12.2;0.2;1.3
31/01/24;31;17.6;15:10;1.3;8:18;7.5;100.0;57.0;90.0;0.9;3.8;332.9;10.6;0.4;1.3
30/01/24;30;18.2;15:18;1.0;7:22;7.8;100.0;55.6;90.4;0.6;3.4;305.5;11.1;0.2;1.2
29/01/24;29;17.0;15:30;2.8;5:16;8.3;100.0;56.5;87.9;0.7;2.4;192.2;7.9;0.0;1.1
28/01/24;28;20.9;15:36;1.6;7:22;9.3;98.3;36.0;79.9;0.9;3.5;191.0;9.7;0.2;1.6
27/01/24;27;22.1;15:30;2.7;7:28;10.3;100.0;33.0;78.9;0.9;4.2;177.0;11.9;0.0;1.7
26/01/24;26;23.6;15:04;2.9;7:24;10.5;100.0;40.2;82.8;0.4;2.7;252.4;10.0;0.2;1.2
25/01/24;25;22.7;14:26;1.5;6:18;10.4;100.0;31.9;81.9;0.9;4.4;250.9;11.7;0.0;1.7
24/01/24;24;22.8;17:04;1.6;7:00;9.6;100.0;41.9;84.7;0.6;3.3;195.6;11.2;0.2;1.4
23/01/24;23;21.6;15:12;2.0;6:56;9.8;100.0;52.7;87.8;1.0;4.0;287.7;11.1;0.2;1.5
22/01/24;22;15.1;15:04;0.8;2:22;6.0;100.0;47.9;89.8;0.9;4.5;284.4;9.5;0.2;1.1
21/01/24;21;15.1;14:50;1.9;00:04;7.3;99.5;55.8;85.9;0.7;2.7;268.4;11.1;0.0;1.0
20/01/24;20;10.5;13:50;0.0;7:22;5.2;96.4;63.8;80.5;1.4;7.8;180.8;11.2;0.0;0.9
19/01/24;19;14.1;11:34;5.5;23:54;10.9;98.9;72.3;85.3;4.2;11.9;220.1;5.2;7.4;1.2
18/01/24;18;15.0;13:10;11.0;7:32;12.9;96.2;80.9;87.9;2.1;5.9;214.5;4.6;4.6;0.9
17/01/24;17;15.4;15:32;10.4;6:02;12.8;94.8;64.8;83.5;3.7;11.2;224.1;6.4;19.0;1.5
16/01/24;16;16.1;12:24;10.5;7:20;12.7;99.9;38.2;81.2;3.2;10.1;173.1;4.2;6.8;2.0
15/01/24;15;16.8;13:48;10.6;1:28;13.5;100.0;77.8;91.4;1.9;5.3;199.3;4.9;0.0;0.9
14/01/24;14;18.6;14:36;6.6;6:42;13.3;84.1;36.5;57.3;1.9;6.7;170.0;9.8;0.0;1.9
13/01/24;13;14.8;22:38;5.4;--:--;9.9;88.3;46.2;71.0;2.3;6.4;125.2;5.9;0.0;1.6
12/01/24;12;13.8;13:44;-1.2;4:10;5.8;100.0;57.6;85.6;1.9;6.7;146.5;10.8;0.2;1.2
11/01/24;11;12.8;13:44;0.9;--:--;5.8;100.0;54.4;90.7;0.9;3.4;250.1;8.0;0.2;0.9
10/01/24;10;11.2;15:44;1.8;--:--;7.0;100.0;76.0;92.8;1.7;5.8;299.3;4.6;0.0;0.7
09/01/24;9;9.1;13:30;5.6;6:20;7.2;100.0;73.7;89.8;1.6;4.4;127.5;3.7;2.6;0.7
08/01/24;8;10.0;14:24;-3.6;4:14;2.7;100.0;63.5;90.9;0.6;2.5;155.8;5.8;0.2;0.6
07/01/24;7;10.9;14:16;-2.4;6:54;1.9;100.0;45.0;88.8;0.8;2.9;263.8;8.4;0.4;0.8
06/01/24;6;9.6;15:06;0.6;23:50;4.4;99.4;62.2;86.8;1.5;4.8;298.7;9.6;0.0;0.8
05/01/24;5;9.5;14:14;4.0;23:46;7.3;97.0;60.3;81.3;4.4;11.4;304.2;8.2;0.0;1.3
04/01/24;4;13.8;12:48;8.5;23:18;11.0;100.0;92.2;98.8;1.6;5.2;188.9;2.7;3.2;0.5
03/01/24;3;13.4;14:02;4.8;7:06;9.5;100.0;87.0;97.7;1.8;4.7;138.6;4.6;0.8;0.6
02/01/24;2;16.4;13:50;3.1;--:--;8.7;100.0;63.4;89.6;1.4;5.2;150.7;9.8;0.0;1.0
01/01/24;1;13.0;15:34;2.4;22:36;8.0;100.0;57.8;88.1;1.0;4.7;270.1;8.8;0.4;0.8
