ID_Registro,Pais_Origen,Altitud_km,Duracion_Vuelo_h,Velocidad_Viento_kmh,Tecnologia_Detectada,Cercania_Base_Militar_km,Fecha_Avistamiento,Indice_Maniobra
REG-1000,EE.UU.,150.0,76.1,82.6,Vigilancia Radar,35.4,2023-02-07,49.38
REG-1001,Desconocido,0.5,10.4,94.1,Inteligencia de Señales,103.66,2023-01-31,21.2
REG-1002,EE.UU.,25.24,5000.0,39.2,Vigilancia Radar,34.02,2023-01-31,63.0
REG-1003,China,29.62,23.0,12.3,Meteorológico,60.58,2023-01-02,96.11
REG-1004,Rusia,20.83,26.7,19.0,Meteorológico,246.8,2023-02-06,101.54
REG-1005,EE.UU.,20.83,41.5,116.5,Inteligencia de Señales,7.05,2023-01-17,22.01
REG-1006,EE.UU.,29.9,19.4,42.5,Vigilancia Radar,16.06,2023-01-08,67.12
REG-1007,China,25.84,33.0,94.6,Vigilancia Radar,25.09,2023-01-09,33.77
REG-1008,Rusia,19.65,18.0,78.7,Inteligencia de Señales,27.39,2023-02-27,32.41
REG-1009,China,24.71,24.7,52.0,Meteorológico,26.47,2023-01-29,69.65
REG-1010,Desconocido,19.68,68.3,32.6,Imagen Óptica,119.09,2023-01-15,86.0
REG-1011,EE.UU.,19.67,43.2,23.4,Imagen Óptica,62.59,2023-01-06,79.1
REG-1012,China,23.21,68.1,77.7,Vigilancia Radar,46.81,2023-02-08,40.91
REG-1013,Corea del Norte,12.43,22.8,95.2,Imagen Óptica,18.51,2023-02-16,36.02
REG-1014,EE.UU.,,60.4,80.8,Imagen Óptica,86.8,2023-02-05,39.07
REG-1015,China,19.19,7.8,68.3,Vigilancia Radar,155.12,2023-02-26,51.53
REG-1016,Desconocido,16.94,41.5,14.6,Imagen Óptica,86.07,2023-02-13,110.78
REG-1017,Rusia,23.57,63.2,116.5,Imagen Óptica,0.08,2023-02-15,15.98
REG-1018,Desconocido,17.46,7.4,97.9,Vigilancia Radar,50.59,2023-02-03,27.89
REG-1019,Corea del Norte,14.94,23.0,42.2,Vigilancia Radar,2.62,2023-02-21,63.98
REG-1020,Rusia,29.33,41.5,117.8,,14.89,2023-01-20,24.98
REG-1021,Corea del Norte,20.87,80.0,76.2,,3.07,2023-01-16,44.85
REG-1022,Corea del Norte,,24.7,74.1,Vigilancia Radar,46.29,2023-02-27,41.64
REG-1023,Desconocido,14.88,58.8,92.3,Inteligencia de Señales,58.01,2023-01-14,48.6
REG-1024,Rusia,19.28,103.4,99.3,Meteorológico,6.08,2023-01-14,44.69
REG-1025,Desconocido,22.55,60.7,82.2,Inteligencia de Señales,24.21,2023-01-31,36.46
REG-1026,Rusia,16.25,34.0,24.1,Inteligencia de Señales,30.46,2023-02-05,64.46
REG-1027,Corea del Norte,23.88,52.6,47.2,Meteorológico,23.03,2023-01-28,77.04
REG-1028,Corea del Norte,19.0,24.1,112.1,Meteorológico,6.45,2023-02-28,14.68
REG-1029,EE.UU.,20.54,42.7,34.7,Inteligencia de Señales,27.15,2023-01-10,83.62
REG-1030,China,18.99,35.4,50.9,Imagen Óptica,69.55,2023-02-25,44.67
REG-1031,Desconocido,31.26,51.4,57.5,Vigilancia Radar,3.68,2023-01-18,68.68
REG-1032,EE.UU.,21.93,28.5,58.3,,4.18,2023-02-13,47.08
REG-1033,Desconocido,16.71,53.5,77.4,Meteorológico,21.91,2023-01-30,53.13
REG-1034,Desconocido,,28.3,113.7,Vigilancia Radar,142.13,2023-02-15,20.55
REG-1035,China,15.9,73.5,36.5,Inteligencia de Señales,55.22,2023-02-22,64.91
REG-1036,Rusia,23.04,30.7,23.4,Meteorológico,56.76,2023-01-15,79.55
REG-1037,Corea del Norte,12.2,4.3,31.7,Inteligencia de Señales,22.46,2023-02-08,84.67
REG-1038,China,15.36,16.2,107.6,Vigilancia Radar,45.03,2023-02-14,25.74
REG-1039,EE.UU.,22.98,40.6,81.0,Imagen Óptica,0.51,2023-01-31,49.14
REG-1040,Rusia,25.69,117.7,41.4,Meteorológico,50.54,2023-02-20,90.78
REG-1041,Rusia,22.86,71.6,99.8,Inteligencia de Señales,122.26,2023-02-10,14.5
REG-1042,EE.UU.,21.42,3.2,104.8,Vigilancia Radar,47.41,2023-02-09,42.81
REG-1043,China,20.49,9.5,103.1,Vigilancia Radar,103.45,2023-01-10,28.87
REG-1044,Corea del Norte,14.61,86.9,111.1,Vigilancia Radar,64.36,2023-01-30,13.24
REG-1045,Corea del Norte,18.4,63.0,37.7,,6.42,2023-01-26,60.31
REG-1046,Desconocido,19.7,159.7,93.1,Imagen Óptica,116.37,2023-01-06,32.94
REG-1047,Corea del Norte,27.29,27.4,60.7,Vigilancia Radar,3.44,2023-01-04,66.73
REG-1048,Corea del Norte,23.72,19.0,102.6,Inteligencia de Señales,38.17,2023-01-08,26.9
REG-1049,China,13.18,42.3,90.1,Meteorológico,7.67,2023-02-01,52.04
REG-1050,EE.UU.,,27.0,95.4,Imagen Óptica,0.59,2023-01-21,18.71
REG-1051,Desconocido,20.07,81.5,82.2,Vigilancia Radar,27.41,2023-01-20,42.34
REG-1052,Desconocido,18.62,26.2,29.5,Vigilancia Radar,17.48,2023-02-17,66.83
REG-1053,Rusia,25.06,32.2,70.0,Meteorológico,33.28,2023-01-09,54.64
REG-1054,China,27.15,16.7,118.3,Inteligencia de Señales,43.04,2023-01-24,26.06
REG-1055,EE.UU.,26.66,68.3,113.1,Imagen Óptica,2.24,2023-02-19,16.62
REG-1056,Rusia,,17.7,14.7,Imagen Óptica,6.56,2023-01-06,63.67
REG-1057,Desconocido,20.45,54.2,28.1,Vigilancia Radar,40.89,2023-01-01,82.32
REG-1058,China,23.66,130.9,24.5,Vigilancia Radar,21.02,2023-02-27,87.22
REG-1059,Corea del Norte,26.88,6.3,89.9,Inteligencia de Señales,65.31,2023-01-05,41.11
REG-1060,Corea del Norte,19.6,106.6,100.0,Inteligencia de Señales,52.82,2023-02-24,42.36
REG-1061,EE.UU.,21.07,49.3,33.5,Meteorológico,93.41,2023-02-01,65.84
REG-1062,Rusia,16.47,14.3,65.6,Vigilancia Radar,58.96,2023-02-04,60.88
REG-1063,Rusia,16.02,43.5,102.5,Imagen Óptica,28.1,2023-01-06,40.18
REG-1064,EE.UU.,26.06,67.0,90.6,Meteorológico,55.88,2023-01-05,18.79
REG-1065,Rusia,28.78,20.2,69.6,Inteligencia de Señales,16.11,2023-02-02,54.48
REG-1066,China,21.64,56.5,74.9,Meteorológico,18.29,2023-01-19,42.53
REG-1067,EE.UU.,27.02,112.5,65.9,Inteligencia de Señales,77.79,2023-02-15,53.05
REG-1068,Desconocido,23.81,26.2,42.7,Vigilancia Radar,29.57,2023-02-13,73.59
REG-1069,Desconocido,18.77,16.5,72.2,,80.07,2023-01-27,44.59
REG-1070,EE.UU.,23.81,36.2,85.8,Inteligencia de Señales,86.42,2023-01-26,33.18
REG-1071,Desconocido,29.69,41.8,106.1,Inteligencia de Señales,97.44,2023-02-26,26.07
REG-1072,Corea del Norte,21.82,84.4,80.0,Inteligencia de Señales,124.23,2023-02-06,33.13
REG-1073,EE.UU.,29.82,35.3,93.7,Meteorológico,28.19,2023-02-07,23.55
REG-1074,China,8.9,28.2,27.6,Inteligencia de Señales,19.2,2023-01-10,87.47
REG-1075,Desconocido,26.11,16.1,60.8,Inteligencia de Señales,43.64,2023-02-26,45.95
REG-1076,EE.UU.,22.44,7.5,11.0,Meteorológico,23.19,2023-01-08,98.96
REG-1077,EE.UU.,20.5,11.9,37.1,,45.95,2023-01-01,78.66
REG-1078,Desconocido,22.46,11.8,89.9,Inteligencia de Señales,61.14,2023-01-27,19.81
REG-1079,Corea del Norte,,32.5,119.1,Imagen Óptica,58.3,2023-01-04,9.85
REG-1080,Corea del Norte,20.9,9.2,20.9,Imagen Óptica,23.46,2023-02-23,97.31
REG-1081,Rusia,23.79,38.3,54.2,Vigilancia Radar,9.13,2023-01-13,52.25
REG-1082,Rusia,29.39,129.0,98.0,Vigilancia Radar,28.15,2023-01-04,26.76
REG-1083,Desconocido,19.41,86.0,32.4,Inteligencia de Señales,7.69,2023-01-22,81.94
REG-1084,Corea del Norte,17.96,32.2,71.1,Inteligencia de Señales,110.41,2023-01-02,58.06
REG-1085,Desconocido,19.49,184.4,90.6,Imagen Óptica,21.22,2023-02-18,34.06
REG-1086,Rusia,26.58,41.9,77.8,Meteorológico,8.39,2023-01-16,39.56
REG-1087,China,23.64,46.5,30.7,Inteligencia de Señales,1.29,2023-01-11,92.73
REG-1088,Rusia,,35.7,49.1,Inteligencia de Señales,51.9,2023-02-08,83.02
REG-1089,Corea del Norte,24.57,39.0,96.2,Inteligencia de Señales,50.65,2023-01-19,42.45
REG-1090,Desconocido,,25.4,71.0,,20.82,2023-02-15,51.15
REG-1091,Desconocido,26.84,32.6,10.6,,3.72,2023-01-11,84.5
REG-1092,Rusia,18.49,107.0,93.7,Meteorológico,26.35,2023-02-19,26.11
REG-1093,China,20.36,92.4,13.9,Meteorológico,18.64,2023-01-26,95.5
REG-1094,China,20.04,4.0,92.0,Inteligencia de Señales,56.52,2023-01-06,39.78
REG-1095,Corea del Norte,14.68,10.3,32.3,Meteorológico,46.54,2023-02-25,91.41
REG-1096,China,23.48,20.4,115.4,,22.67,2023-01-10,25.72
REG-1097,China,23.31,76.6,50.5,Imagen Óptica,12.29,2023-02-02,49.62
REG-1098,Corea del Norte,22.03,93.7,46.0,Vigilancia Radar,221.29,2023-01-12,78.32
REG-1099,EE.UU.,20.83,66.8,26.4,Imagen Óptica,30.26,2023-01-01,71.54
REG-1100,China,14.92,14.2,43.6,Meteorológico,58.28,2023-01-18,65.64
REG-1101,Rusia,,25.8,106.4,Vigilancia Radar,7.57,2023-02-02,28.02
REG-1102,EE.UU.,20.29,57.2,119.6,Inteligencia de Señales,33.24,2023-01-22,36.24
REG-1103,China,17.99,33.0,50.5,Vigilancia Radar,1.4,2023-01-28,95.75
REG-1104,China,21.19,29.5,59.3,Vigilancia Radar,35.21,2023-02-14,64.56
REG-1105,Corea del Norte,24.02,29.8,89.4,Meteorológico,166.24,2023-01-24,35.59
REG-1106,Rusia,31.43,87.7,107.5,Meteorológico,24.24,2023-02-23,30.1
REG-1107,Corea del Norte,22.87,61.3,75.2,Imagen Óptica,1.99,2023-01-18,56.24
REG-1108,Corea del Norte,23.29,31.2,53.1,Vigilancia Radar,1.57,2023-01-22,59.62
REG-1109,Corea del Norte,,51.0,55.4,Inteligencia de Señales,24.55,2023-01-16,79.17
REG-1110,Corea del Norte,12.41,12.4,86.5,Vigilancia Radar,8.72,2023-01-15,41.75
REG-1111,China,21.87,25.9,10.4,Imagen Óptica,1.18,2023-01-31,97.7
REG-1112,China,22.3,82.1,78.2,Vigilancia Radar,70.57,2023-02-03,51.92
REG-1113,Rusia,,8.6,49.1,Vigilancia Radar,30.67,2023-01-04,69.85
REG-1114,China,,61.9,97.4,Inteligencia de Señales,17.07,2023-01-27,40.21
REG-1115,EE.UU.,23.51,4.0,20.2,Imagen Óptica,115.17,2023-02-20,79.69
REG-1116,Corea del Norte,21.83,118.9,74.7,Imagen Óptica,6.17,2023-02-08,42.13
REG-1117,Rusia,16.16,25.4,62.9,Meteorológico,156.09,2023-02-09,44.97
REG-1118,Corea del Norte,27.71,53.7,80.7,Inteligencia de Señales,18.84,2023-01-17,47.91
REG-1119,Desconocido,25.76,43.6,17.1,Vigilancia Radar,109.64,2023-02-02,95.82
REG-1120,Rusia,25.96,44.8,73.8,Inteligencia de Señales,46.18,2023-02-17,52.92
REG-1121,Corea del Norte,17.45,50.3,71.8,,87.64,2023-02-25,66.48
REG-1122,Corea del Norte,29.01,7.0,71.7,Imagen Óptica,206.8,2023-02-02,49.75
REG-1123,Corea del Norte,14.99,45.5,76.4,,17.01,2023-01-21,53.21
REG-1124,Desconocido,24.93,34.6,84.4,Inteligencia de Señales,162.38,2023-01-05,30.0
REG-1125,Corea del Norte,32.95,25.5,98.5,Inteligencia de Señales,24.67,2023-02-08,27.18
REG-1126,EE.UU.,17.05,20.4,39.7,Imagen Óptica,24.35,2023-01-29,79.17
REG-1127,Rusia,19.17,46.4,100.8,Inteligencia de Señales,20.81,2023-01-25,37.93
REG-1128,Rusia,22.5,16.7,64.8,Imagen Óptica,38.98,2023-02-26,51.7
REG-1129,Corea del Norte,19.48,81.1,18.5,Vigilancia Radar,8.37,2023-01-31,86.33
REG-1130,China,14.25,56.5,16.4,Vigilancia Radar,40.34,2023-02-02,73.34
REG-1131,Desconocido,22.34,48.5,46.8,Meteorológico,39.01,2023-01-05,63.67
REG-1132,EE.UU.,16.69,78.8,96.3,Meteorológico,71.75,2023-03-01,41.49
REG-1133,Desconocido,24.37,5.8,87.8,Vigilancia Radar,89.68,2023-02-05,44.29
REG-1134,Rusia,17.4,12.0,96.7,Imagen Óptica,29.03,2023-01-21,37.32
REG-1135,Desconocido,29.75,58.3,66.9,Vigilancia Radar,18.0,2023-02-20,53.67
REG-1136,China,18.08,21.5,58.4,Meteorológico,15.01,2023-01-25,59.19
REG-1137,Desconocido,20.39,23.9,26.2,Vigilancia Radar,10.82,2023-02-27,75.06
REG-1138,Desconocido,26.07,10.3,46.1,Imagen Óptica,2.97,2023-01-09,74.72
REG-1139,China,,16.7,57.7,Meteorológico,20.96,2023-02-21,63.82
REG-1140,China,23.14,82.3,19.7,Inteligencia de Señales,15.75,2023-03-01,91.13
REG-1141,China,28.54,57.3,34.3,Imagen Óptica,169.69,2023-02-16,70.73
REG-1142,Corea del Norte,13.96,46.0,75.8,Vigilancia Radar,40.79,2023-02-01,25.41
REG-1143,Corea del Norte,22.92,24.7,90.9,Imagen Óptica,21.33,2023-02-21,47.34
REG-1144,China,23.3,43.9,119.8,Inteligencia de Señales,43.43,2023-02-07,11.35
REG-1145,EE.UU.,25.91,87.2,112.6,Inteligencia de Señales,7.49,2023-01-19,12.55
REG-1146,Rusia,15.82,21.9,80.7,,29.35,2023-01-23,50.44
REG-1147,Rusia,15.4,38.9,56.3,Imagen Óptica,49.21,2023-02-26,56.67
REG-1148,Rusia,24.61,123.8,80.0,Vigilancia Radar,33.56,2023-01-04,54.6
REG-1149,Desconocido,23.48,66.2,96.4,Imagen Óptica,25.69,2023-01-15,38.69
REG-1150,Rusia,23.25,25.0,23.0,Meteorológico,254.55,2023-02-09,90.74
REG-1151,Desconocido,23.73,62.5,55.1,Imagen Óptica,106.14,2023-02-03,47.77
REG-1152,China,18.6,8.4,102.4,Inteligencia de Señales,48.83,2023-01-21,40.44
REG-1153,China,23.16,37.7,52.2,Inteligencia de Señales,42.13,2023-02-03,66.07
REG-1154,Desconocido,23.47,62.5,72.9,Vigilancia Radar,48.47,2023-02-16,45.28
REG-1155,China,18.43,53.0,74.7,Meteorológico,11.24,2023-01-18,49.14
REG-1156,Rusia,31.33,62.1,30.3,Imagen Óptica,25.14,2023-01-10,61.03
REG-1157,Rusia,24.37,71.8,49.8,Imagen Óptica,2.01,2023-01-27,69.23
REG-1158,Desconocido,16.04,56.0,46.8,Inteligencia de Señales,32.27,2023-01-14,56.95
REG-1159,China,25.28,54.8,12.9,Meteorológico,39.16,2023-02-07,77.44
REG-1160,Desconocido,17.13,46.8,12.7,Inteligencia de Señales,12.92,2023-02-06,75.89
REG-1161,China,25.94,15.0,101.5,Vigilancia Radar,166.25,2023-01-28,40.08
REG-1162,EE.UU.,27.79,82.3,40.0,,120.1,2023-01-15,65.71
REG-1163,China,17.9,38.8,67.0,Imagen Óptica,64.03,2023-02-09,68.44
REG-1164,Desconocido,26.82,65.0,42.9,Meteorológico,38.11,2023-02-26,64.61
REG-1165,Desconocido,24.06,76.7,113.5,Meteorológico,102.0,2023-01-01,3.48
REG-1166,EE.UU.,26.11,26.0,38.5,Vigilancia Radar,7.0,2023-02-12,61.88
REG-1167,Desconocido,31.48,28.0,57.3,Imagen Óptica,78.15,2023-02-01,72.25
REG-1168,Rusia,20.77,31.2,106.0,Inteligencia de Señales,6.67,2023-01-24,24.24
REG-1169,EE.UU.,,92.9,102.6,Meteorológico,79.05,2023-02-21,22.7
REG-1170,China,17.55,18.2,30.5,Meteorológico,16.13,2023-02-01,80.25
REG-1171,Corea del Norte,17.92,103.7,98.3,Meteorológico,104.82,2023-02-21,36.21
REG-1172,EE.UU.,21.61,46.4,60.4,,144.16,2023-02-16,68.89
REG-1173,China,23.71,48.9,63.1,Imagen Óptica,8.06,2023-02-20,70.31
REG-1174,EE.UU.,23.38,74.4,24.7,Imagen Óptica,31.06,2023-01-04,79.11
REG-1175,Corea del Norte,26.14,42.6,18.9,Imagen Óptica,198.13,2023-03-01,73.51
REG-1176,Desconocido,22.07,82.9,90.1,Vigilancia Radar,33.03,2023-02-03,32.8
REG-1177,Corea del Norte,29.27,26.0,64.6,Vigilancia Radar,99.59,2023-02-19,57.38
REG-1178,Corea del Norte,,101.5,58.1,Imagen Óptica,44.43,2023-02-20,49.69
REG-1179,Corea del Norte,35.6,27.7,90.2,Meteorológico,23.53,2023-02-18,27.29
REG-1180,China,25.13,104.0,94.2,Inteligencia de Señales,16.83,2023-02-20,37.5
REG-1181,Rusia,17.71,28.3,27.5,Inteligencia de Señales,11.36,2023-02-10,80.26
REG-1182,EE.UU.,,31.9,77.1,Vigilancia Radar,71.73,2023-02-23,46.36
REG-1183,China,24.41,16.3,24.9,Meteorológico,24.43,2023-02-02,74.99
REG-1184,China,20.88,20.6,92.7,Meteorológico,35.8,2023-02-02,32.81
REG-1185,Desconocido,25.57,38.9,82.3,Meteorológico,33.9,2023-02-25,33.15
REG-1186,China,24.37,47.7,115.2,Inteligencia de Señales,43.05,2023-02-09,28.26
REG-1187,Rusia,21.64,78.9,17.6,Imagen Óptica,100.34,2023-01-29,98.03
REG-1188,China,,33.7,16.3,Imagen Óptica,197.48,2023-01-09,70.13
REG-1189,Corea del Norte,14.43,53.1,41.0,Vigilancia Radar,26.18,2023-01-19,62.0
REG-1190,Corea del Norte,19.77,45.4,38.8,Inteligencia de Señales,87.87,2023-01-28,57.87
REG-1191,Desconocido,26.28,57.3,37.2,Inteligencia de Señales,72.31,2023-02-21,67.46
REG-1192,China,23.07,23.3,109.7,Inteligencia de Señales,42.61,2023-01-14,22.38
REG-1193,China,15.77,25.7,37.5,Meteorológico,156.23,2023-02-23,59.25
REG-1194,Rusia,22.87,23.3,39.9,Imagen Óptica,11.19,2023-01-31,62.85
REG-1195,China,23.93,89.3,93.5,Imagen Óptica,5.79,2023-01-06,24.51
REG-1196,Corea del Norte,17.58,102.1,59.5,Meteorológico,96.19,2023-01-12,60.42
REG-1197,Rusia,22.77,24.8,95.4,Vigilancia Radar,28.92,2023-02-20,33.91
REG-1198,EE.UU.,,25.2,17.2,Vigilancia Radar,93.86,2023-01-06,80.74
REG-1199,China,16.29,63.0,63.6,Meteorológico,111.79,2023-01-22,57.25
REG-1200,EE.UU.,23.79,109.7,13.7,Imagen Óptica,3.22,2023-01-29,84.94
REG-1201,Corea del Norte,24.8,125.4,16.9,Imagen Óptica,107.48,2023-02-27,85.45
REG-1202,EE.UU.,27.42,23.9,109.7,Vigilancia Radar,29.74,2023-01-05,39.94
REG-1203,Desconocido,,29.1,25.3,Meteorológico,35.71,2023-02-02,95.69
REG-1204,Corea del Norte,15.11,49.5,68.6,Inteligencia de Señales,49.25,2023-01-19,38.98
REG-1205,Rusia,17.31,51.3,55.2,Inteligencia de Señales,130.44,2023-01-27,69.66
REG-1206,Corea del Norte,,34.8,48.2,Inteligencia de Señales,0.97,2023-01-18,74.37
REG-1207,EE.UU.,24.57,20.0,109.0,Inteligencia de Señales,32.39,2023-01-17,12.22
REG-1208,China,24.58,39.0,12.4,Vigilancia Radar,58.19,2023-01-03,99.51
REG-1209,Corea del Norte,,125.3,83.0,Inteligencia de Señales,64.13,2023-02-21,57.28
REG-1210,EE.UU.,24.85,26.0,116.0,Inteligencia de Señales,58.97,2023-02-19,7.57
REG-1211,China,27.68,47.3,71.6,Imagen Óptica,7.22,2023-01-28,40.7
REG-1212,EE.UU.,,180.5,113.1,Imagen Óptica,17.79,2023-01-16,31.01
REG-1213,Desconocido,25.26,25.7,15.7,Meteorológico,22.21,2023-01-31,91.72
REG-1214,China,20.42,65.1,56.1,Vigilancia Radar,81.59,2023-01-09,66.24
REG-1215,Desconocido,25.79,128.8,38.6,Imagen Óptica,16.34,2023-01-20,76.39
REG-1216,EE.UU.,18.14,61.2,90.4,Meteorológico,11.83,2023-02-14,40.63
REG-1217,Desconocido,20.82,85.1,117.9,Imagen Óptica,157.85,2023-02-01,4.21
REG-1218,Desconocido,19.57,71.2,38.2,Vigilancia Radar,0.45,2023-02-04,83.73
REG-1219,EE.UU.,22.41,57.9,82.0,Vigilancia Radar,306.44,2023-01-13,54.3
REG-1220,Corea del Norte,33.57,99.9,31.8,Inteligencia de Señales,56.48,2023-01-28,75.45
REG-1221,Corea del Norte,12.66,63.7,72.2,Imagen Óptica,88.15,2023-02-18,49.03
REG-1222,EE.UU.,25.43,35.0,61.0,Meteorológico,17.45,2023-01-02,41.99
REG-1223,Corea del Norte,13.94,44.7,116.9,Inteligencia de Señales,0.72,2023-01-28,23.31
REG-1224,EE.UU.,19.64,52.5,76.9,Inteligencia de Señales,66.95,2023-02-10,51.89
REG-1225,EE.UU.,27.44,29.0,48.4,Inteligencia de Señales,89.83,2023-02-27,65.5
REG-1226,Corea del Norte,22.32,46.2,22.6,Imagen Óptica,67.45,2023-02-11,95.42
REG-1227,China,16.61,41.5,26.6,Meteorológico,7.71,2023-02-28,78.04
REG-1228,China,18.42,63.5,34.8,Inteligencia de Señales,70.01,2023-01-29,81.29
REG-1229,Desconocido,25.4,151.4,37.6,Imagen Óptica,73.25,2023-02-15,63.48
REG-1230,Desconocido,18.35,48.2,103.6,Vigilancia Radar,53.73,2023-01-03,27.24
REG-1231,Rusia,23.08,111.5,71.7,Imagen Óptica,72.65,2023-01-23,48.07
REG-1232,Rusia,22.23,61.9,67.6,Vigilancia Radar,93.51,2023-01-29,54.93
REG-1233,China,18.74,46.1,22.6,Inteligencia de Señales,47.54,2023-01-15,80.48
REG-1234,Desconocido,32.72,27.7,104.6,Inteligencia de Señales,4.64,2023-02-02,25.47
REG-1235,China,25.17,46.3,89.5,Meteorológico,33.44,2023-02-15,45.61
REG-1236,Rusia,11.87,44.3,17.4,Imagen Óptica,4.04,2023-01-19,83.45
REG-1237,EE.UU.,22.93,22.0,87.9,Meteorológico,26.17,2023-02-09,22.4
REG-1238,Rusia,18.69,25.1,69.8,Inteligencia de Señales,26.14,2023-02-12,68.64
REG-1239,Corea del Norte,26.26,52.9,19.0,,3.41,2023-01-27,100.51
REG-1240,Corea del Norte,18.04,110.8,60.4,Meteorológico,21.45,2023-01-04,44.8
REG-1241,EE.UU.,21.43,38.0,63.3,Vigilancia Radar,5.88,2023-01-27,62.59
REG-1242,EE.UU.,24.52,9.8,28.2,,82.57,2023-01-21,75.23
REG-1243,EE.UU.,26.33,16.0,114.0,Inteligencia de Señales,147.53,2023-01-08,22.83
REG-1244,Rusia,16.0,66.2,103.5,,3.75,2023-02-20,30.49
REG-1245,EE.UU.,20.33,12.0,83.6,Inteligencia de Señales,155.18,2023-01-15,39.14
REG-1246,EE.UU.,19.63,73.6,60.9,Vigilancia Radar,36.97,2023-01-03,49.53
REG-1247,Corea del Norte,18.73,63.7,55.3,Imagen Óptica,17.8,2023-02-28,54.38
REG-1248,Rusia,30.83,37.0,81.6,Imagen Óptica,4.0,2023-02-12,33.72
REG-1249,Corea del Norte,24.02,22.2,70.0,Imagen Óptica,34.72,2023-01-20,42.68
REG-1250,Desconocido,15.7,33.0,16.9,Inteligencia de Señales,79.12,2023-02-14,87.5
REG-1251,Desconocido,26.59,51.9,66.4,Imagen Óptica,61.39,2023-02-27,46.36
REG-1252,Rusia,32.61,12.4,98.7,Vigilancia Radar,2.58,2023-02-12,37.73
REG-1253,Corea del Norte,27.16,103.5,60.5,Imagen Óptica,3.78,2023-02-18,72.52
REG-1254,Rusia,14.4,51.6,15.7,Imagen Óptica,25.78,2023-02-19,83.21
REG-1255,Corea del Norte,19.58,55.9,96.5,Vigilancia Radar,17.5,2023-01-10,34.84
REG-1256,Rusia,28.33,63.4,32.2,Vigilancia Radar,13.22,2023-01-20,82.46
REG-1257,Rusia,18.46,96.9,38.4,Vigilancia Radar,16.5,2023-01-20,77.84
REG-1258,EE.UU.,24.22,46.4,28.1,,81.35,2023-01-31,81.09
REG-1259,China,25.87,66.2,46.3,Imagen Óptica,132.41,2023-01-16,75.02
REG-1260,EE.UU.,17.37,22.5,93.2,Inteligencia de Señales,25.97,2023-01-19,39.58
REG-1261,Rusia,21.7,125.8,67.1,Inteligencia de Señales,118.28,2023-02-07,40.65
REG-1262,Rusia,5.79,44.1,32.5,Inteligencia de Señales,19.39,2023-02-28,85.94
REG-1263,EE.UU.,16.88,22.4,106.6,Imagen Óptica,32.35,2023-01-08,34.25
REG-1264,China,20.74,27.7,106.8,Vigilancia Radar,12.81,2023-01-04,17.61
REG-1265,Rusia,15.76,5.4,105.8,Meteorológico,51.15,2023-02-15,26.32
REG-1266,Corea del Norte,30.16,27.6,36.3,Meteorológico,193.12,2023-02-08,81.42
REG-1267,Desconocido,14.85,2.1,59.6,Imagen Óptica,46.25,2023-01-24,56.19
REG-1268,China,19.8,69.6,118.3,,22.14,2023-01-02,27.92
REG-1269,China,22.65,54.7,94.9,Meteorológico,52.18,2023-02-13,57.21
REG-1270,China,29.21,16.9,13.0,Vigilancia Radar,6.56,2023-02-09,83.04
REG-1271,China,14.82,38.5,17.2,,109.76,2023-01-04,74.15
REG-1272,Desconocido,27.82,39.9,61.0,Imagen Óptica,34.97,2023-02-19,60.34
REG-1273,Corea del Norte,22.05,13.8,110.0,Inteligencia de Señales,29.83,2023-01-08,30.22
REG-1274,Corea del Norte,17.09,33.5,69.3,Meteorológico,44.08,2023-01-21,49.18
REG-1275,Rusia,24.31,40.8,64.8,Meteorológico,49.01,2023-01-24,69.17
REG-1276,Corea del Norte,23.0,32.8,21.6,Imagen Óptica,3.72,2023-03-01,71.49
REG-1277,Corea del Norte,19.0,22.4,82.2,Imagen Óptica,57.38,2023-03-01,49.39
REG-1278,China,22.35,16.3,100.4,Vigilancia Radar,13.85,2023-01-26,23.66
REG-1279,EE.UU.,20.07,31.9,51.8,Meteorológico,62.58,2023-01-21,80.93
REG-1280,Rusia,,24.8,95.3,Inteligencia de Señales,86.45,2023-02-12,53.22
REG-1281,EE.UU.,25.31,60.5,116.1,Vigilancia Radar,81.47,2023-02-20,11.06
REG-1282,Desconocido,29.93,100.9,32.4,Meteorológico,40.2,2023-01-31,71.82
REG-1283,Corea del Norte,15.81,76.0,67.6,,36.72,2023-01-26,61.28
REG-1284,China,32.67,41.9,41.6,Inteligencia de Señales,7.71,2023-01-21,67.01
REG-1285,Rusia,12.24,23.1,97.2,Imagen Óptica,74.66,2023-01-06,31.51
REG-1286,EE.UU.,21.24,74.6,73.5,Inteligencia de Señales,15.83,2023-01-16,48.8
REG-1287,China,24.94,63.1,79.8,Vigilancia Radar,34.33,2023-01-07,24.94
REG-1288,Desconocido,23.4,96.3,97.8,Inteligencia de Señales,16.72,2023-02-01,31.4
REG-1289,Rusia,18.89,46.4,53.6,Inteligencia de Señales,7.18,2023-01-05,55.58
REG-1290,Rusia,20.96,121.5,110.7,Vigilancia Radar,49.65,2023-01-03,17.58
REG-1291,Rusia,19.53,46.5,68.6,Vigilancia Radar,2.79,2023-02-08,66.42
REG-1292,China,,23.0,27.4,Vigilancia Radar,69.04,2023-01-13,68.25
REG-1293,Corea del Norte,26.25,26.8,86.5,Imagen Óptica,19.11,2023-01-06,47.58
REG-1294,EE.UU.,23.79,58.5,97.3,Inteligencia de Señales,0.01,2023-03-01,29.1
REG-1295,Desconocido,18.54,24.7,44.8,Imagen Óptica,35.78,2023-01-23,65.84
REG-1296,Rusia,26.5,121.0,104.3,Meteorológico,2.4,2023-01-06,34.89
REG-1297,Rusia,23.54,55.1,109.7,Inteligencia de Señales,16.16,2023-02-20,26.61
REG-1298,Corea del Norte,26.06,41.2,40.5,Inteligencia de Señales,61.38,2023-01-01,77.36
REG-1299,EE.UU.,25.15,43.8,118.2,Inteligencia de Señales,3.24,2023-01-08,26.94
REG-1300,Rusia,17.86,32.5,25.5,Inteligencia de Señales,91.42,2023-01-28,78.84
REG-1301,Corea del Norte,19.2,7.4,32.2,Inteligencia de Señales,0.19,2023-02-15,71.34
REG-1302,EE.UU.,25.74,26.8,30.3,Inteligencia de Señales,14.17,2023-02-12,67.94
REG-1303,China,25.05,111.3,108.3,Vigilancia Radar,67.53,2023-02-03,15.94
REG-1304,Desconocido,21.9,47.4,82.0,Imagen Óptica,19.01,2023-01-10,72.09
REG-1305,EE.UU.,,82.0,26.7,Vigilancia Radar,5.37,2023-02-25,93.76
REG-1306,Rusia,28.39,83.6,58.4,Inteligencia de Señales,22.33,2023-03-02,45.61
REG-1307,Rusia,19.04,38.8,77.7,Imagen Óptica,15.76,2023-01-09,32.39
REG-1308,EE.UU.,24.74,63.8,19.2,Inteligencia de Señales,92.48,2023-01-12,91.38
REG-1309,Corea del Norte,20.99,8.3,107.1,Inteligencia de Señales,18.8,2023-01-14,30.5
REG-1310,Rusia,20.91,105.4,98.4,Imagen Óptica,77.78,2023-01-13,36.61
REG-1311,China,27.49,99.8,65.6,,111.22,2023-02-04,51.53
REG-1312,Rusia,26.13,57.3,116.4,Vigilancia Radar,28.44,2023-02-20,17.27
REG-1313,Rusia,26.07,48.6,56.0,Vigilancia Radar,120.37,2023-01-21,64.08
REG-1314,Desconocido,,39.2,118.3,Vigilancia Radar,23.69,2023-01-10,18.05
REG-1315,Desconocido,22.11,88.4,83.5,Meteorológico,166.32,2023-01-05,19.36
REG-1316,Corea del Norte,25.41,69.0,79.8,Inteligencia de Señales,4.68,2023-02-21,41.84
REG-1317,China,20.45,29.8,28.3,Imagen Óptica,58.08,2023-02-23,71.68
REG-1318,Rusia,23.62,14.4,107.0,Vigilancia Radar,34.04,2023-01-10,26.85
REG-1319,Desconocido,21.35,11.8,57.0,Meteorológico,24.52,2023-01-27,89.95
REG-1320,Rusia,22.48,87.8,27.8,Imagen Óptica,50.08,2023-01-16,84.21
REG-1321,Desconocido,24.98,38.6,11.4,Meteorológico,60.85,2023-02-06,88.88
REG-1322,EE.UU.,17.91,56.7,71.6,Meteorológico,0.22,2023-01-20,59.1
REG-1323,Corea del Norte,32.46,42.4,68.0,,9.13,2023-03-01,57.23
REG-1324,EE.UU.,16.97,12.0,89.1,Vigilancia Radar,62.42,2023-01-27,41.83
REG-1325,China,15.93,8.6,107.9,Imagen Óptica,54.89,2023-01-12,30.54
REG-1326,China,27.79,28.1,18.7,Inteligencia de Señales,169.14,2023-01-20,107.48
REG-1327,China,25.96,30.1,90.5,Inteligencia de Señales,71.57,2023-01-11,25.34
REG-1328,Rusia,25.12,30.1,30.6,Vigilancia Radar,150.57,2023-02-26,83.32
REG-1329,EE.UU.,25.14,30.8,104.4,Imagen Óptica,60.62,2023-01-02,17.66
REG-1330,Desconocido,21.94,145.0,100.1,Inteligencia de Señales,17.69,2023-01-02,35.49
REG-1331,Corea del Norte,17.51,81.2,69.5,Imagen Óptica,5.57,2023-02-18,42.16
REG-1332,China,22.38,47.9,88.1,,76.12,2023-01-30,34.16
REG-1333,EE.UU.,18.61,37.8,44.6,Meteorológico,51.66,2023-02-25,65.83
REG-1334,Rusia,26.88,38.9,61.8,Vigilancia Radar,2.47,2023-02-03,66.5
REG-1335,Desconocido,,67.3,100.4,Imagen Óptica,22.32,2023-01-01,38.9
REG-1336,China,17.87,37.6,60.5,Meteorológico,157.1,2023-02-01,45.19
REG-1337,China,20.39,75.6,49.4,Inteligencia de Señales,34.7,2023-02-19,65.97
REG-1338,Corea del Norte,24.06,51.7,64.4,Vigilancia Radar,28.35,2023-02-22,47.82
REG-1339,China,19.18,145.9,101.1,Imagen Óptica,30.6,2023-01-15,16.64
REG-1340,Desconocido,17.89,35.8,46.9,Vigilancia Radar,11.72,2023-01-26,65.0
REG-1341,EE.UU.,23.22,85.1,29.1,Vigilancia Radar,23.0,2023-01-01,76.55
REG-1342,Rusia,,15.7,88.3,Vigilancia Radar,23.09,2023-01-25,62.46
REG-1343,Corea del Norte,19.47,23.6,100.9,,2.69,2023-02-08,33.7
REG-1344,China,19.64,133.4,21.1,Vigilancia Radar,72.96,2023-01-13,71.45
REG-1345,Corea del Norte,23.16,73.5,36.4,Vigilancia Radar,26.94,2023-02-18,68.87
REG-1346,Corea del Norte,14.76,57.4,25.6,Meteorológico,86.35,2023-02-25,92.29
REG-1347,China,14.96,170.2,48.3,Imagen Óptica,94.97,2023-02-06,87.07
REG-1348,Rusia,18.41,38.2,59.5,Imagen Óptica,11.91,2023-02-15,42.49
REG-1349,Corea del Norte,,85.0,92.4,Vigilancia Radar,53.55,2023-02-17,16.52
REG-1350,EE.UU.,23.55,89.2,81.6,Inteligencia de Señales,31.96,2023-01-28,61.59
REG-1351,China,29.38,115.0,78.3,Imagen Óptica,106.08,2023-02-08,49.09
REG-1352,Rusia,26.29,14.0,48.8,Vigilancia Radar,12.15,2023-01-31,57.16
REG-1353,China,21.2,38.0,102.6,Vigilancia Radar,56.63,2023-02-22,33.53
REG-1354,Desconocido,21.9,51.1,61.8,Meteorológico,46.79,2023-02-25,30.38
REG-1355,Rusia,16.99,113.7,117.7,,17.5,2023-03-02,17.64
REG-1356,Corea del Norte,21.91,55.8,79.8,Vigilancia Radar,7.34,2023-02-05,47.42
REG-1357,EE.UU.,20.56,89.3,23.9,Vigilancia Radar,52.73,2023-02-03,92.51
REG-1358,EE.UU.,23.61,12.7,84.4,Meteorológico,67.08,2023-01-06,30.78
REG-1359,China,17.86,31.5,45.8,Imagen Óptica,18.96,2023-02-24,68.8
REG-1360,Corea del Norte,24.6,99.6,85.5,Meteorológico,51.76,2023-01-30,30.9
REG-1361,China,29.66,34.9,17.7,Imagen Óptica,25.14,2023-01-03,90.16
REG-1362,Corea del Norte,21.46,40.5,29.2,Imagen Óptica,62.45,2023-02-20,70.61
REG-1363,Desconocido,24.01,112.5,104.1,Meteorológico,11.11,2023-02-24,23.05
REG-1364,Desconocido,25.45,19.1,35.0,,110.46,2023-02-19,65.54
REG-1365,China,19.99,23.3,102.1,Inteligencia de Señales,16.94,2023-02-20,35.04
REG-1366,EE.UU.,23.12,11.4,40.7,Meteorológico,22.93,2023-01-20,80.09
REG-1367,Desconocido,22.06,115.5,80.7,Imagen Óptica,2.99,2023-02-25,41.16
REG-1368,Corea del Norte,22.49,80.2,86.4,Imagen Óptica,5.91,2023-01-10,39.9
REG-1369,Corea del Norte,18.13,78.8,66.4,Imagen Óptica,36.27,2023-01-19,39.03
REG-1370,China,22.12,30.8,43.6,Vigilancia Radar,15.57,2023-01-23,66.48
REG-1371,Rusia,24.49,10.5,33.4,Meteorológico,90.24,2023-03-02,76.12
REG-1372,China,29.26,7.6,13.7,Meteorológico,0.74,2023-01-14,116.62
REG-1373,Rusia,26.8,100.0,43.4,Meteorológico,23.83,2023-02-06,58.5
REG-1374,China,32.77,60.1,81.8,Inteligencia de Señales,20.58,2023-01-11,57.38
REG-1375,Rusia,18.16,68.4,113.2,Imagen Óptica,0.98,2023-02-22,30.73
REG-1376,Corea del Norte,26.36,49.4,105.8,,6.64,2023-01-16,28.75
REG-1377,Desconocido,22.92,20.9,94.3,Inteligencia de Señales,26.69,2023-02-03,51.58
REG-1378,Corea del Norte,32.95,31.9,96.7,Imagen Óptica,33.95,2023-01-04,36.03
REG-1379,China,17.96,16.5,83.1,Meteorológico,25.9,2023-02-02,45.72
REG-1380,Corea del Norte,17.8,14.6,38.6,Vigilancia Radar,37.85,2023-02-05,72.45
REG-1381,Rusia,19.0,75.7,109.8,,45.21,2023-01-07,35.38
REG-1382,Corea del Norte,11.38,8.4,83.8,Meteorológico,0.5,2023-01-31,52.3
REG-1383,Corea del Norte,19.37,16.6,71.6,Vigilancia Radar,31.19,2023-01-25,43.62
REG-1384,Rusia,18.2,33.4,22.2,Imagen Óptica,165.52,2023-01-17,71.27
REG-1385,China,22.75,43.4,59.2,Inteligencia de Señales,36.6,2023-01-07,56.53
REG-1386,Desconocido,23.71,11.3,60.6,Inteligencia de Señales,56.59,2023-02-26,49.58
REG-1387,EE.UU.,31.38,55.3,105.1,Meteorológico,18.69,2023-02-20,25.79
REG-1388,Rusia,,47.3,70.1,Inteligencia de Señales,74.36,2023-01-10,63.3
REG-1389,China,19.12,98.9,51.8,Vigilancia Radar,74.12,2023-01-28,59.17
REG-1390,Corea del Norte,17.51,43.9,117.4,,36.83,2023-01-23,17.39
REG-1391,Rusia,24.46,59.3,22.2,Meteorológico,186.51,2023-01-18,85.04
REG-1392,EE.UU.,15.4,22.0,56.5,Meteorológico,6.71,2023-02-27,68.93
REG-1393,China,31.16,22.8,14.6,Meteorológico,0.85,2023-01-29,67.31
REG-1394,Corea del Norte,,12.5,91.4,Meteorológico,73.52,2023-01-21,29.95
REG-1395,EE.UU.,,22.1,111.0,Vigilancia Radar,82.29,2023-02-11,24.41
REG-1396,Desconocido,13.43,31.5,40.8,Inteligencia de Señales,6.4,2023-02-17,83.44
REG-1397,Rusia,28.77,92.5,104.4,Meteorológico,15.43,2023-02-09,22.0
REG-1398,Rusia,21.43,19.3,42.1,Meteorológico,0.89,2023-01-23,51.76
REG-1399,Rusia,28.19,150.1,110.2,Meteorológico,17.36,2023-02-21,29.06
REG-1400,EE.UU.,14.03,63.0,92.9,,74.17,2023-01-12,28.62
REG-1401,EE.UU.,19.0,54.2,98.5,Imagen Óptica,36.49,2023-02-04,19.15
REG-1402,Rusia,,41.4,12.0,Imagen Óptica,21.39,2023-01-30,85.36
REG-1403,Rusia,22.23,35.6,115.9,Inteligencia de Señales,23.24,2023-01-20,17.02
REG-1404,China,19.75,25.1,89.9,Vigilancia Radar,0.07,2023-01-04,31.02
REG-1405,China,25.11,10.8,43.5,Inteligencia de Señales,17.82,2023-01-23,47.49
REG-1406,Rusia,16.66,19.9,101.2,Inteligencia de Señales,51.99,2023-02-07,38.13
REG-1407,EE.UU.,21.29,115.3,41.0,Meteorológico,182.86,2023-01-08,84.05
REG-1408,Desconocido,22.6,60.3,106.0,Vigilancia Radar,93.89,2023-02-22,32.32
REG-1409,Desconocido,24.57,114.6,22.4,Meteorológico,1.19,2023-02-26,72.94
REG-1410,Corea del Norte,25.56,24.5,87.4,Inteligencia de Señales,114.41,2023-01-09,36.81
REG-1411,China,16.38,16.1,69.5,Inteligencia de Señales,76.44,2023-02-07,51.28
REG-1412,Corea del Norte,14.33,41.1,20.6,,75.79,2023-01-27,91.57
REG-1413,Rusia,28.39,20.6,36.6,Imagen Óptica,30.62,2023-02-17,81.06
REG-1414,China,23.66,47.7,11.4,Meteorológico,25.38,2023-01-11,84.68
REG-1415,EE.UU.,18.26,8.6,61.6,Vigilancia Radar,18.04,2023-02-12,57.7
REG-1416,EE.UU.,29.76,4.6,43.1,Meteorológico,3.4,2023-01-25,74.4
REG-1417,Rusia,22.58,52.7,75.8,Inteligencia de Señales,12.95,2023-02-08,61.5
REG-1418,Desconocido,27.9,117.4,42.7,,14.16,2023-01-22,77.16
REG-1419,EE.UU.,22.34,54.4,43.0,Vigilancia Radar,33.09,2023-01-21,77.79
REG-1420,Rusia,32.3,59.9,91.8,Vigilancia Radar,68.81,2023-01-12,36.58
REG-1421,EE.UU.,30.78,42.4,15.3,Imagen Óptica,32.1,2023-02-13,103.39
REG-1422,Desconocido,20.76,45.5,109.3,,2.98,2023-02-10,27.59
REG-1423,Rusia,26.86,10.2,103.7,Meteorológico,158.25,2023-01-08,18.8
REG-1424,China,25.23,21.3,83.5,Meteorológico,142.99,2023-02-12,55.58
REG-1425,EE.UU.,28.84,91.8,75.3,Vigilancia Radar,76.9,2023-02-05,54.27
REG-1426,China,17.18,31.0,108.2,Meteorológico,237.38,2023-02-08,19.83
REG-1427,Corea del Norte,25.43,90.6,30.4,Inteligencia de Señales,39.32,2023-01-01,73.93
REG-1428,Corea del Norte,27.29,44.6,18.7,Inteligencia de Señales,164.53,2023-02-17,89.88
REG-1429,China,13.21,46.3,36.3,Meteorológico,3.93,2023-02-08,79.22
REG-1430,Desconocido,16.08,31.2,97.4,Vigilancia Radar,22.76,2023-02-17,33.79
REG-1431,Desconocido,11.8,66.2,13.8,Imagen Óptica,12.77,2023-01-23,93.45
REG-1432,Desconocido,20.65,77.6,74.1,Inteligencia de Señales,10.9,2023-01-24,65.13
REG-1433,Rusia,25.59,20.3,119.5,Meteorológico,7.59,2023-02-07,27.07
REG-1434,EE.UU.,29.51,11.3,104.1,,48.7,2023-01-25,29.04
REG-1435,EE.UU.,22.37,5.8,67.4,Inteligencia de Señales,76.01,2023-02-14,62.23
REG-1436,Corea del Norte,30.14,57.9,17.0,Imagen Óptica,43.17,2023-01-19,77.77
REG-1437,Desconocido,15.1,53.3,101.5,Inteligencia de Señales,7.95,2023-01-21,32.93
REG-1438,Corea del Norte,13.48,177.6,75.9,Vigilancia Radar,83.33,2023-02-17,64.96
REG-1439,EE.UU.,21.72,42.6,22.6,Imagen Óptica,50.52,2023-01-16,82.0
REG-1440,China,23.92,37.0,20.3,Meteorológico,24.56,2023-01-14,77.31
REG-1441,China,21.84,48.9,110.1,Inteligencia de Señales,56.06,2023-03-02,16.41
REG-1442,Desconocido,11.66,50.8,83.6,Inteligencia de Señales,15.05,2023-02-26,30.58
REG-1443,China,21.55,34.8,101.2,Imagen Óptica,21.17,2023-01-11,21.31
REG-1444,Desconocido,15.48,20.9,106.7,Meteorológico,124.74,2023-01-03,21.6
REG-1445,Desconocido,25.35,40.9,72.9,Inteligencia de Señales,17.16,2023-01-11,34.91
REG-1446,EE.UU.,23.83,39.7,66.9,Meteorológico,31.74,2023-01-01,53.33
REG-1447,Rusia,17.3,39.2,57.3,Vigilancia Radar,110.43,2023-01-26,68.91
REG-1448,Rusia,19.43,71.1,44.9,Imagen Óptica,61.5,2023-02-06,59.49
REG-1449,Corea del Norte,16.7,40.3,57.8,Vigilancia Radar,3.21,2023-02-05,74.73
REG-1450,EE.UU.,21.69,11.6,95.1,Imagen Óptica,7.97,2023-01-08,38.54
REG-1451,China,,23.9,76.2,Inteligencia de Señales,0.39,2023-01-05,56.97
REG-1452,EE.UU.,17.07,34.5,108.2,Vigilancia Radar,49.84,2023-01-09,17.68
REG-1453,China,24.52,41.8,58.8,Inteligencia de Señales,29.68,2023-02-15,67.39
REG-1454,China,19.35,58.8,76.8,Imagen Óptica,7.21,2023-02-01,35.32
REG-1455,Rusia,18.04,42.0,79.4,,158.43,2023-01-10,53.32
REG-1456,China,21.46,4.7,75.1,Meteorológico,37.71,2023-01-28,49.15
REG-1457,Desconocido,16.82,13.0,87.3,Vigilancia Radar,13.85,2023-02-15,44.42
REG-1458,Corea del Norte,19.23,61.6,36.1,Vigilancia Radar,34.72,2023-01-12,62.97
REG-1459,Rusia,16.01,33.7,66.4,Meteorológico,56.91,2023-01-10,44.57
REG-1460,EE.UU.,31.82,44.8,21.5,Meteorológico,3.97,2023-01-22,90.92
REG-1461,Rusia,,30.4,52.3,Inteligencia de Señales,16.06,2023-02-13,53.91
REG-1462,Corea del Norte,18.5,23.8,63.6,Meteorológico,82.24,2023-02-02,60.11
REG-1463,Corea del Norte,23.07,31.3,81.7,Imagen Óptica,30.78,2023-02-05,29.14
REG-1464,Rusia,21.44,45.2,114.6,Inteligencia de Señales,39.55,2023-01-10,28.26
REG-1465,Rusia,20.9,40.1,76.1,Meteorológico,28.35,2023-01-17,34.4
REG-1466,China,25.07,77.2,91.8,,2.24,2023-01-18,41.26
REG-1467,EE.UU.,25.79,9.4,65.7,Vigilancia Radar,9.06,2023-01-22,60.27
REG-1468,Corea del Norte,,10.8,79.8,Imagen Óptica,29.49,2023-03-02,37.17
REG-1469,Rusia,19.12,33.4,17.8,Vigilancia Radar,11.73,2023-01-15,93.36
REG-1470,Desconocido,20.62,59.2,38.0,Meteorológico,2.56,2023-01-06,76.0
REG-1471,China,10.49,68.4,49.8,Vigilancia Radar,92.78,2023-01-09,59.75
REG-1472,EE.UU.,14.42,24.7,62.0,Inteligencia de Señales,198.68,2023-02-19,46.51
REG-1473,Rusia,,1.5,15.0,Meteorológico,78.79,2023-02-17,69.87
REG-1474,Rusia,30.22,25.4,25.4,Inteligencia de Señales,96.13,2023-01-11,85.72
REG-1475,Rusia,20.75,53.4,40.4,Vigilancia Radar,13.85,2023-02-17,56.07
REG-1476,EE.UU.,24.88,39.5,116.9,Imagen Óptica,161.73,2023-02-05,19.12
REG-1477,Rusia,23.56,60.8,46.4,Meteorológico,10.97,2023-02-02,64.89
REG-1478,China,37.39,89.7,63.0,Meteorológico,151.24,2023-03-02,62.69
REG-1479,Corea del Norte,27.6,35.3,31.6,Meteorológico,263.14,2023-02-23,74.86
REG-1480,Desconocido,21.36,27.8,77.2,Vigilancia Radar,62.19,2023-01-31,42.67
REG-1481,Rusia,17.22,18.4,40.9,,198.55,2023-01-10,78.69
REG-1482,EE.UU.,,10.8,32.8,,42.15,2023-02-12,80.39
REG-1483,Rusia,23.02,7.9,66.8,Vigilancia Radar,15.02,2023-02-13,56.4
REG-1484,Rusia,18.22,22.6,10.6,Vigilancia Radar,28.72,2023-03-01,97.27
REG-1485,China,14.89,81.6,10.8,Inteligencia de Señales,45.02,2023-02-24,77.08
REG-1486,EE.UU.,18.77,64.9,34.1,Imagen Óptica,3.79,2023-02-07,83.7
REG-1487,Desconocido,,26.7,14.0,Imagen Óptica,48.69,2023-02-25,96.32
REG-1488,EE.UU.,30.44,151.0,21.9,Imagen Óptica,198.64,2023-02-01,74.5
REG-1489,EE.UU.,26.41,24.0,47.3,Imagen Óptica,10.54,2023-01-22,64.45
REG-1490,Desconocido,21.96,95.4,98.3,Meteorológico,78.65,2023-01-06,30.8
REG-1491,Corea del Norte,29.4,110.5,72.9,Meteorológico,119.24,2023-02-26,47.63
REG-1492,Corea del Norte,22.39,56.0,66.4,Inteligencia de Señales,143.85,2023-02-05,56.86
REG-1493,Desconocido,17.69,22.5,42.3,Inteligencia de Señales,161.11,2023-01-29,84.7
REG-1494,Rusia,29.62,29.7,112.5,Inteligencia de Señales,36.85,2023-01-25,32.07
REG-1495,Desconocido,24.69,46.0,53.7,Meteorológico,189.29,2023-01-18,49.29
REG-1496,Rusia,16.81,11.1,19.6,Meteorológico,70.8,2023-01-07,92.5
REG-1497,China,21.05,16.8,77.9,Meteorológico,8.82,2023-01-08,58.76
REG-1498,EE.UU.,,15.5,22.5,,32.4,2023-01-07,88.12
REG-1499,EE.UU.,15.09,59.0,48.0,Meteorológico,63.35,2023-01-28,77.31
REG-1000,EE.UU.,150.0,76.1,82.6,Vigilancia Radar,35.4,2023-02-07,49.38
REG-1001,Desconocido,0.5,10.4,94.1,Inteligencia de Señales,103.66,2023-01-31,21.2
REG-1002,EE.UU.,25.24,5000.0,39.2,Vigilancia Radar,34.02,2023-01-31,63.0
REG-1003,China,29.62,23.0,12.3,Meteorológico,60.58,2023-01-02,96.11
REG-1004,Rusia,20.83,26.7,19.0,Meteorológico,246.8,2023-02-06,101.54
REG-1005,EE.UU.,20.83,41.5,116.5,Inteligencia de Señales,7.05,2023-01-17,22.01
REG-1006,EE.UU.,29.9,19.4,42.5,Vigilancia Radar,16.06,2023-01-08,67.12
REG-1007,China,25.84,33.0,94.6,Vigilancia Radar,25.09,2023-01-09,33.77
REG-1008,Rusia,19.65,18.0,78.7,Inteligencia de Señales,27.39,2023-02-27,32.41
REG-1009,China,24.71,24.7,52.0,Meteorológico,26.47,2023-01-29,69.65
